restaurant_name,address,phone_number,website_url,happy_hour_times,regular_hours,rating,review_count,price_level,source,freshness_date,latitude,longitude,google_maps_url,generative_summary,cheapest_drink,cheapest_drink_price,cheapest_food,cheapest_food_price,menu_summary
The Rabbit Hole,"3377 Adams Ave, San Diego, CA 92116, USA",(619) 255-4653,http://rabbitholesd.com/,Monday: 04:00 PM - 06:00 PM | Tuesday: 04:00 PM - 06:00 PM | Wednesday: 04:00 PM - 06:00 PM | Thursday: 04:00 PM - 06:00 PM | Friday: 04:00 PM - 06:00 PM | Saturday: Closed | Sunday: Closed,Monday: 12:00 – 11:00 PM | Tuesday: 12:00 – 11:00 PM | Wednesday: 12:00 – 11:00 PM | Thursday: 12:00 – 11:00 PM | Friday: 12:00 PM – 1:00 AM | Saturday: 10:00 AM – 1:00 AM | Sunday: 10:00 AM – 11:00 PM,4.3,1377,PRICE_LEVEL_MODERATE,"Website (AI parsed, high confidence)",2026-04-22,32.7631057,-117.1210771,https://maps.google.com/?cid=5940803983762303021&g_mp=CiVnb29nbGUubWFwcy5wbGFjZXMudjEuUGxhY2VzLkdldFBsYWNlEAIYBCAA,Upscale pub food & craft cocktails are served in a trendy setting with rabbit art & exposed beams.,,,,,
Blind Lady Ale House,"3416 Adams Ave, San Diego, CA 92116, USA",(619) 255-2491,http://www.blindladyalehouse.com/,,Monday: 5:00 – 11:00 PM | Tuesday: Closed | Wednesday: 5:00 – 11:00 PM | Thursday: 5:00 – 11:00 PM | Friday: 3:00 PM – 12:00 AM | Saturday: 12:00 PM – 12:00 AM | Sunday: 12:00 – 11:00 PM,4.7,1464,PRICE_LEVEL_MODERATE,Google Places API,2026-04-22,32.7634973,-117.1202861,https://maps.google.com/?cid=10641138599070212974&g_mp=CiVnb29nbGUubWFwcy5wbGFjZXMudjEuUGxhY2VzLkdldFBsYWNlEAIYBCAA,"Modern-tavern space with communal tables has a renowned craft beer list, plus wood-fired pizza.",,,,,
Rudford's Restaurant,"2900 El Cajon Blvd, San Diego, CA 92104, USA",(619) 282-8423,http://www.rudfords.com/,,Monday: Open 24 hours | Tuesday: Open 24 hours | Wednesday: Open 24 hours | Thursday: Open 24 hours | Friday: Open 24 hours | Saturday: Open 24 hours | Sunday: Open 24 hours,4.4,4724,PRICE_LEVEL_INEXPENSIVE,Google Places API,2026-04-22,32.7556258,-117.13123399999999,https://maps.google.com/?cid=14952097737502622391&g_mp=CiVnb29nbGUubWFwcy5wbGFjZXMudjEuUGxhY2VzLkdldFBsYWNlEAIYBCAA,Circa-1949 spot with old-timey decor & booth seating serves classic diner fare around the clock.,,,,,
Savio's Pizza,"3446 Adams Ave, San Diego, CA 92116, USA",(619) 282-2211,http://ordersaviospizza.com/,,Monday: 10:00 AM – 11:00 PM | Tuesday: Closed | Wednesday: 10:00 AM – 11:00 PM | Thursday: 10:00 AM – 10:00 PM | Friday: 10:00 AM – 12:00 AM | Saturday: 10:00 AM – 12:00 AM | Sunday: 10:00 AM – 9:00 PM,4.5,171,PRICE_LEVEL_MODERATE,Google Places API,2026-04-22,32.7635253,-117.1190241,https://maps.google.com/?cid=14863202957826094578&g_mp=CiVnb29nbGUubWFwcy5wbGFjZXMudjEuUGxhY2VzLkdldFBsYWNlEAIYBCAA,,,,,,
The Ould Sod,"3373 Adams Ave, San Diego, CA 92116, USA",(619) 284-6594,http://www.theouldsod.com/,Monday: 3:00 – 6:00 PM | Tuesday: 3:00 – 6:00 PM | Wednesday: 3:00 – 6:00 PM | Thursday: 3:00 – 6:00 PM | Friday: 3:00 – 6:00 PM | Saturday: 10:00 AM – 4:00 PM | Sunday: 10:00 AM – 4:00 PM,Monday: 2:00 PM – 2:00 AM | Tuesday: 2:00 PM – 2:00 AM | Wednesday: 2:00 PM – 2:00 AM | Thursday: 2:00 PM – 2:00 AM | Friday: 2:00 PM – 2:00 AM | Saturday: 10:00 AM – 2:00 AM | Sunday: 10:00 AM – 2:00 AM,4.6,666,PRICE_LEVEL_INEXPENSIVE,Google Places API (Happy Hours),2026-04-22,32.763031,-117.121231,https://maps.google.com/?cid=6187408049225549395&g_mp=CiVnb29nbGUubWFwcy5wbGFjZXMudjEuUGxhY2VzLkdldFBsYWNlEAIYBCAA,"Casual Irish pub featuring imported draft beer, local craft brews & a weekly karaoke night.",,,,,
The Vibe,"3250 Adams Ave Ste 101, San Diego, CA 92116, USA",(619) 901-2281,https://thevibeco.com/,,Monday: 8:00 AM – 2:00 PM | Tuesday: 8:00 AM – 2:00 PM | Wednesday: 8:00 AM – 2:00 PM | Thursday: 8:00 AM – 2:00 PM | Friday: 8:00 AM – 2:00 PM | Saturday: 8:00 AM – 3:00 PM | Sunday: 8:00 AM – 3:00 PM,4.4,381,PRICE_LEVEL_MODERATE,Google Places API,2026-04-22,32.763660699999996,-117.1236181,https://maps.google.com/?cid=6389618172010049540&g_mp=CiVnb29nbGUubWFwcy5wbGFjZXMudjEuUGxhY2VzLkdldFBsYWNlEAIYBCAA,,,,,,
Zia Gourmet Pizza,"3311 Adams Ave A, San Diego, CA 92116, USA",(619) 284-4320,http://www.ziagourmetpizza.com/,,Monday: 5:00 – 11:00 PM | Tuesday: 5:00 – 11:00 PM | Wednesday: 5:00 – 11:00 PM | Thursday: 5:00 – 11:00 PM | Friday: 5:00 – 11:00 PM | Saturday: 5:00 – 11:00 PM | Sunday: 5:00 – 11:00 PM,4.8,635,PRICE_LEVEL_INEXPENSIVE,Google Places API,2026-04-22,32.7632222,-117.12261939999998,https://maps.google.com/?cid=12371914390213933132&g_mp=CiVnb29nbGUubWFwcy5wbGFjZXMudjEuUGxhY2VzLkdldFBsYWNlEAIYBCAA,"Innovative thin-crust pies with toppings including lemon garlic chicken, caramelized pears & capers.",,,,,
Madi,"3737 Adams Ave, San Diego, CA 92116, USA",(619) 915-5522,http://brunchlikemadi.com/,,Monday: 8:30 AM – 2:00 PM | Tuesday: 8:30 AM – 2:00 PM | Wednesday: 8:30 AM – 2:00 PM | Thursday: 8:30 AM – 2:00 PM | Friday: 8:00 AM – 2:00 PM | Saturday: 8:00 AM – 2:00 PM | Sunday: 8:00 AM – 2:00 PM,4.8,2593,PRICE_LEVEL_MODERATE,Google Places API,2026-04-22,32.7631116,-117.11245740000001,https://maps.google.com/?cid=15398119782714593337&g_mp=CiVnb29nbGUubWFwcy5wbGFjZXMudjEuUGxhY2VzLkdldFBsYWNlEAIYBCAA,,,,,,
Brothers Mexican Restaurant,"3531 39 Adams Ave, San Diego, CA 92116, USA",(619) 228-9673,https://www.clover.com/online-ordering/brothers-mexican-restau-san-diego,,Monday: 8:00 AM – 10:00 PM | Tuesday: 8:00 AM – 10:00 PM | Wednesday: 8:00 AM – 10:00 PM | Thursday: 8:00 AM – 10:00 PM | Friday: 8:00 AM – 10:00 PM | Saturday: 8:00 AM – 10:00 PM | Sunday: 8:00 AM – 10:00 PM,4.4,196,PRICE_LEVEL_INEXPENSIVE,Google Places API,2026-04-22,32.7631328,-117.1166881,https://maps.google.com/?cid=6490555624353094009&g_mp=CiVnb29nbGUubWFwcy5wbGFjZXMudjEuUGxhY2VzLkdldFBsYWNlEAIYBCAA,,,,,,
So Saap,"4134 University Ave, San Diego, CA 92105, USA",(619) 539-7635,https://sosaap.com/?utm_source=google,,Monday: 10:30 AM – 11:00 PM | Tuesday: 10:30 AM – 11:00 PM | Wednesday: 10:30 AM – 11:00 PM | Thursday: 10:30 AM – 11:00 PM | Friday: 10:30 AM – 12:00 AM | Saturday: 10:30 AM – 12:00 AM | Sunday: 10:30 AM – 11:00 PM,4.4,476,PRICE_LEVEL_MODERATE,Google Places API,2026-04-22,32.7504451,-117.10611519999999,https://maps.google.com/?cid=14785442230594140159&g_mp=CiVnb29nbGUubWFwcy5wbGFjZXMudjEuUGxhY2VzLkdldFBsYWNlEAIYBCAA,,,,,,
Venice Pizza House Since 1954,"3333 El Cajon Blvd, San Diego, CA 92104, USA",(619) 283-2333,https://venicepizzahousesd.com/,Monday: 3:00 PM - 5:00 PM | Tuesday: 3:00 PM - 5:00 PM | Wednesday: 3:00 PM - 5:00 PM | Thursday: 3:00 PM - 5:00 PM | Friday: 3:00 PM - 5:00 PM | Saturday: 3:00 PM - 5:00 PM | Sunday: 3:00 PM - 5:00 PM,Monday: 11:00 AM – 10:00 PM | Tuesday: 11:00 AM – 10:00 PM | Wednesday: 11:00 AM – 10:00 PM | Thursday: 11:00 AM – 10:00 PM | Friday: 11:00 AM – 10:00 PM | Saturday: 11:00 AM – 10:00 PM | Sunday: 11:00 AM – 10:00 PM,4.6,1035,PRICE_LEVEL_MODERATE,"Website (AI parsed, high confidence)",2026-04-22,32.7550212,-117.12162149999997,https://maps.google.com/?cid=1089639985436865811&g_mp=CiVnb29nbGUubWFwcy5wbGFjZXMudjEuUGxhY2VzLkdldFBsYWNlEAIYBCAA,"Landmark pizzeria firing pies as well as a selection of homemade pastas, sandwiches & salads.",,,,,
Trattoria da Sofia,"4055 Adams Ave, San Diego, CA 92116, USA",(619) 228-9094,https://trattoriadasofia.com/,Monday: 4:00 PM - 5:00 PM | Tuesday: 4:00 PM - 5:00 PM | Wednesday: 4:00 PM - 5:00 PM | Thursday: 4:00 PM - 5:00 PM | Friday: 4:00 PM - 5:00 PM | Saturday: 4:00 PM - 5:00 PM | Sunday: 4:00 PM - 5:00 PM,Monday: 4:00 – 9:00 PM | Tuesday: 4:00 – 9:00 PM | Wednesday: 4:00 – 9:00 PM | Thursday: 4:00 – 9:00 PM | Friday: 4:00 – 10:00 PM | Saturday: 4:00 – 10:00 PM | Sunday: 4:00 – 9:00 PM,4.6,252,,"Website (AI parsed, high confidence)",2026-04-22,32.7630625,-117.1081469,https://maps.google.com/?cid=18141534305731104119&g_mp=CiVnb29nbGUubWFwcy5wbGFjZXMudjEuUGxhY2VzLkdldFBsYWNlEAIYBCAA,,,,,,
Rolberto's Taco Shop,"3462 Adams Ave, San Diego, CA 92116, USA",(619) 563-0438,https://www.orderrolbertos.com/,,Monday: 6:00 AM – 3:00 AM | Tuesday: 6:00 AM – 3:00 AM | Wednesday: 6:00 AM – 3:00 AM | Thursday: 6:00 AM – 3:00 AM | Friday: 6:00 AM – 3:00 AM | Saturday: 6:00 AM – 3:00 AM | Sunday: 6:00 AM – 3:00 AM,4.3,720,PRICE_LEVEL_INEXPENSIVE,Google Places API,2026-04-22,32.7635954,-117.1186605,https://maps.google.com/?cid=17800499023676701164&g_mp=CiVnb29nbGUubWFwcy5wbGFjZXMudjEuUGxhY2VzLkdldFBsYWNlEAIYBCAA,"Bare-bones destination dispensing tacos, burritos & other Mexican specialties 24/7.",,,,,
Et Voilà! French Bistro,"3015 Adams Ave, San Diego, CA 92116, USA",(619) 209-7759,http://etvoilabistro.com/,Monday: Closed | Tuesday: 4:30 – 7:00 PM | Wednesday: 4:30 – 7:00 PM | Thursday: 4:30 – 7:00 PM | Friday: 4:30 – 6:00 PM | Saturday: 4:30 – 6:00 PM | Sunday: 4:30 – 7:00 PM,Monday: Closed | Tuesday: 4:30 – 9:00 PM | Wednesday: 4:30 – 9:00 PM | Thursday: 4:30 – 9:00 PM | Friday: 4:30 – 9:30 PM | Saturday: 4:30 – 9:30 PM | Sunday: 4:30 – 8:00 PM,4.7,811,PRICE_LEVEL_MODERATE,Google Places API (Happy Hours),2026-04-22,32.76275,-117.12986670000001,https://maps.google.com/?cid=4736245056100760996&g_mp=CiVnb29nbGUubWFwcy5wbGFjZXMudjEuUGxhY2VzLkdldFBsYWNlEAIYBCAA,Traditional French fare served in classic bistro surroundings plus sidewalk seating.,,,,,
Street Side Thai Kitchen,"3025 University Ave, San Diego, CA 92104, USA",(619) 228-9208,http://www.streetsidethaikitchensd.com/,,Monday: 11:00 AM – 11:00 PM | Tuesday: 9:30 AM – 11:00 PM | Wednesday: 9:30 AM – 11:00 PM | Thursday: 9:30 AM – 11:00 PM | Friday: 9:30 AM – 11:00 PM | Saturday: 10:00 AM – 11:00 PM | Sunday: 10:00 AM – 11:00 PM,4.3,370,PRICE_LEVEL_MODERATE,Google Places API,2026-04-22,32.7482861,-117.1294126,https://maps.google.com/?cid=515596184535278044&g_mp=CiVnb29nbGUubWFwcy5wbGFjZXMudjEuUGxhY2VzLkdldFBsYWNlEAIYBCAA,"Thai restaurant with quirky decor serving a standard menu of classic dishes, plus lunch specials.",,,,,
Mauricio's #1 Mexican food,"3200 Adams Ave #102, San Diego, CA 92116, USA",(619) 285-1362,https://mauricios1mexicanfood.shop/,,Monday: 6:30 AM – 10:00 PM | Tuesday: 6:30 AM – 10:00 PM | Wednesday: 6:30 AM – 10:00 PM | Thursday: 6:30 AM – 10:00 PM | Friday: 6:30 AM – 10:00 PM | Saturday: 6:30 AM – 10:00 PM | Sunday: 6:30 AM – 10:00 PM,4.5,691,PRICE_LEVEL_INEXPENSIVE,Google Places API,2026-04-22,32.7636111,-117.12472220000001,https://maps.google.com/?cid=9772892978263584305&g_mp=CiVnb29nbGUubWFwcy5wbGFjZXMudjEuUGxhY2VzLkdldFBsYWNlEAIYBCAA,,,,,,
Church's Texas Chicken,"3495 El Cajon Blvd, San Diego, CA 92104, USA",(619) 584-4665,https://locations.churchs.com/ca/san-diego/3495-el-cajon-boulevard,,Monday: 9:00 AM – 11:00 PM | Tuesday: 9:00 AM – 11:00 PM | Wednesday: 9:00 AM – 11:00 PM | Thursday: 9:00 AM – 11:00 PM | Friday: 9:00 AM – 11:00 PM | Saturday: 9:00 AM – 11:00 PM | Sunday: 9:00 AM – 11:00 PM,3.8,1377,PRICE_LEVEL_INEXPENSIVE,Google Places API,2026-04-22,32.7549989,-117.1181953,https://maps.google.com/?cid=15802541058469744438&g_mp=CiVnb29nbGUubWFwcy5wbGFjZXMudjEuUGxhY2VzLkdldFBsYWNlEAIYBCAA,"Fast-food chain offering fried chicken, chicken tenders, sandwiches & wings, plus Southern-influenced sides.",,,,,
The Hangout Restaurant and Bar,"2736 Adams Ave, San Diego, CA 92116, USA",(619) 640-2121,http://www.thehangoutrestaurantandbar.com/,Monday: Closed | Tuesday: Closed | Wednesday: Closed | Thursday: 3:00 PM - 6:00 PM | Friday: 3:00 PM - 6:00 PM | Saturday: 3:00 PM - 6:00 PM | Sunday: 3:00 PM - 6:00 PM,Monday: 8:00 AM – 3:00 PM | Tuesday: 8:00 AM – 3:00 PM | Wednesday: 8:00 AM – 3:00 PM | Thursday: 8:00 AM – 10:00 PM | Friday: 8:00 AM – 10:00 PM | Saturday: 8:00 AM – 10:00 PM | Sunday: 8:00 AM – 10:00 PM,4.7,49,,"Website (AI parsed, high confidence)",2026-04-22,32.7632105,-117.134357,https://maps.google.com/?cid=8615320220317144604&g_mp=CiVnb29nbGUubWFwcy5wbGFjZXMudjEuUGxhY2VzLkdldFBsYWNlEAIYBCAA,,,,,,
Bosforo,"3201 Adams Ave, San Diego, CA 92116, USA",(619) 634-9646,https://bosforosd.com/,,Monday: Closed | Tuesday: 5:00 – 9:30 PM | Wednesday: 5:00 – 9:30 PM | Thursday: 5:00 – 9:30 PM | Friday: 5:00 – 10:00 PM | Saturday: 5:00 – 10:00 PM | Sunday: 5:00 – 9:00 PM,4.6,364,,Google Places API,2026-04-22,32.7631797,-117.1247748,https://maps.google.com/?cid=17613400574716943306&g_mp=CiVnb29nbGUubWFwcy5wbGFjZXMudjEuUGxhY2VzLkdldFBsYWNlEAIYBCAA,,,,,,
Bleu Bohème,"4090 Adams Ave, San Diego, CA 92116, USA",(619) 255-4167,http://www.bleuboheme.com/,,Monday: Closed | Tuesday: 5:00 – 8:00 PM | Wednesday: 5:00 – 8:00 PM | Thursday: 5:00 – 8:00 PM | Friday: 5:00 – 9:00 PM | Saturday: 5:00 – 9:00 PM | Sunday: Closed,4.5,655,PRICE_LEVEL_MODERATE,Google Places API,2026-04-22,32.7634548,-117.1075274,https://maps.google.com/?cid=3511155849280089669&g_mp=CiVnb29nbGUubWFwcy5wbGFjZXMudjEuUGxhY2VzLkdldFBsYWNlEAIYBCAA,Exposed stone walls & large wood tables create a rustic-chic vibe at this intimate French bistro.,,,,,
Working Class,"4095 30th St, San Diego, CA 92104, USA",(619) 642-0114,http://www.workingclasssd.com/,Monday: 3:00 – 6:00 PM | Tuesday: 3:00 – 6:00 PM | Wednesday: 3:00 – 6:00 PM | Thursday: 3:00 – 6:00 PM | Friday: 3:00 – 6:00 PM | Saturday: Closed | Sunday: Closed,Monday: 9:00 AM – 10:00 PM | Tuesday: 9:00 AM – 10:00 PM | Wednesday: 9:00 AM – 10:00 PM | Thursday: 9:00 AM – 10:00 PM | Friday: 9:00 AM – 10:00 PM | Saturday: 9:00 AM – 10:00 PM | Sunday: 9:00 AM – 9:00 PM,4.5,860,PRICE_LEVEL_MODERATE,Google Places API (Happy Hours),2026-04-22,32.752063,-117.1299853,https://maps.google.com/?cid=5135889680246939968&g_mp=CiVnb29nbGUubWFwcy5wbGFjZXMudjEuUGxhY2VzLkdldFBsYWNlEAIYBCAA,"Neighborhood locals head to this laid-back, indoor-outdoor spot for comfort eats & beer.",,,,,
Brother's Mexican Restaurant,"4006 30th St, San Diego, CA 92104, USA",(619) 563-5647,https://www.clover.com/online-ordering/brothers-mexican-food-re-san-diego,,Monday: 8:00 AM – 10:00 PM | Tuesday: 8:00 AM – 10:00 PM | Wednesday: 8:00 AM – 10:00 PM | Thursday: 8:00 AM – 10:00 PM | Friday: 6:00 AM – 2:00 AM | Saturday: 6:00 AM – 2:00 AM | Sunday: 8:00 AM – 10:00 PM,4.5,313,PRICE_LEVEL_MODERATE,Google Places API,2026-04-22,32.750575,-117.1304083,https://maps.google.com/?cid=485496682011341725&g_mp=CiVnb29nbGUubWFwcy5wbGFjZXMudjEuUGxhY2VzLkdldFBsYWNlEAIYBCAA,,,,,,
Dos Palmas Cafe - Normal Heights,"3562 Adams Ave, San Diego, CA 92116, USA",(619) 496-4343,https://www.dospalmascafe.com/,,Monday: 7:00 AM – 2:00 PM | Tuesday: 7:00 AM – 2:00 PM | Wednesday: 7:00 AM – 2:00 PM | Thursday: 7:00 AM – 2:00 PM | Friday: 7:00 AM – 2:00 PM | Saturday: 7:00 AM – 2:00 PM | Sunday: 7:00 AM – 2:00 PM,4.9,590,PRICE_LEVEL_INEXPENSIVE,Google Places API,2026-04-22,32.7635282,-117.11595919999999,https://maps.google.com/?cid=13257348878989901374&g_mp=CiVnb29nbGUubWFwcy5wbGFjZXMudjEuUGxhY2VzLkdldFBsYWNlEAIYBCAA,,,,,,
Ximalli Restaurant,"3677 University Ave, San Diego, CA 92104, USA",(619) 359-0235,https://ximalli.restaurant/,,Monday: 8:00 AM – 10:00 PM | Tuesday: 8:00 AM – 10:00 PM | Wednesday: 8:00 AM – 10:00 PM | Thursday: 8:00 AM – 10:00 PM | Friday: 8:00 AM – 10:00 PM | Saturday: 8:00 AM – 10:00 PM | Sunday: 8:00 AM – 10:00 PM,5,8,,Google Places API,2026-04-22,32.749582,-117.11367539999999,https://maps.google.com/?cid=4168098615581764840&g_mp=CiVnb29nbGUubWFwcy5wbGFjZXMudjEuUGxhY2VzLkdldFBsYWNlEAIYBCAA,,,,,,
Wormwood,"4677 30th St, San Diego, CA 92116, USA",(619) 915-6706,http://www.wormwoodsd.com/,,"Monday: Closed | Tuesday: Closed | Wednesday: 5:00 – 9:30 PM | Thursday: 5:00 – 9:30 PM | Friday: 5:00 – 10:00 PM | Saturday: 5:00 – 10:00 PM | Sunday: 10:00 AM – 2:00 PM, 5:00 – 9:30 PM",4.5,345,,Google Places API,2026-04-22,32.7624737,-117.1299911,https://maps.google.com/?cid=11383914574429688561&g_mp=CiVnb29nbGUubWFwcy5wbGFjZXMudjEuUGxhY2VzLkdldFBsYWNlEAIYBCAA,,,,,,
DAO Fu,"3332 Adams Ave, San Diego, CA 92116, USA",(619) 281-6888,https://daofu.has.restaurant/,,"Monday: Closed | Tuesday: 11:00 AM – 2:00 PM, 5:00 – 8:30 PM | Wednesday: 11:00 AM – 2:00 PM, 5:00 – 8:30 PM | Thursday: 11:00 AM – 2:00 PM, 5:00 – 8:30 PM | Friday: 11:00 AM – 2:00 PM, 5:00 – 9:00 PM | Saturday: 11:00 AM – 2:00 PM, 5:00 – 9:00 PM | Sunday: 11:00 AM – 2:00 PM, 5:00 – 8:30 PM",4.7,565,PRICE_LEVEL_INEXPENSIVE,Google Places API,2026-04-22,32.763531799999996,-117.12206759999998,https://maps.google.com/?cid=12277015619533647716&g_mp=CiVnb29nbGUubWFwcy5wbGFjZXMudjEuUGxhY2VzLkdldFBsYWNlEAIYBCAA,"Free salad & dessert are included with dinner at this Chinese restaurant, plus vegan dishes.",,,,,
Antique Row Cafe,"3002 Adams Ave, San Diego, CA 92116, USA",(619) 282-9750,https://antiquerowcafesd.com/,,Monday: 7:00 AM – 2:00 PM | Tuesday: 7:00 AM – 2:00 PM | Wednesday: 7:00 AM – 2:00 PM | Thursday: 7:00 AM – 2:00 PM | Friday: 7:00 AM – 2:00 PM | Saturday: 7:00 AM – 2:00 PM | Sunday: 7:00 AM – 2:00 PM,4.6,1094,PRICE_LEVEL_MODERATE,Google Places API,2026-04-22,32.7630074,-117.1300128,https://maps.google.com/?cid=12603014927074672409&g_mp=CiVnb29nbGUubWFwcy5wbGFjZXMudjEuUGxhY2VzLkdldFBsYWNlEAIYBCAA,"Antiques-laden spot for homestyle American food, known for its generously portioned breakfasts.",,,,,
Vallarta Taco Shop,"4125 El Cajon Blvd, San Diego, CA 92105, USA",(619) 804-9822,,,Monday: Closed | Tuesday: 12:00 PM – 2:00 AM | Wednesday: 12:00 PM – 2:00 AM | Thursday: 12:00 PM – 2:00 AM | Friday: 12:00 PM – 2:00 AM | Saturday: 12:00 PM – 2:00 AM | Sunday: 12:00 PM – 2:00 AM,4,221,PRICE_LEVEL_INEXPENSIVE,Google Places API,2026-04-22,32.754922,-117.10652749999998,https://maps.google.com/?cid=9112325539855168696&g_mp=CiVnb29nbGUubWFwcy5wbGFjZXMudjEuUGxhY2VzLkdldFBsYWNlEAIYBCAA,"Unpretentious cantina serving standard meat & fish tacos, enchilada platters & breakfast burritos.",,,,,
Kensington Cafe,"4141 Adams Ave, San Diego, CA 92116, USA",(619) 640-0494,http://www.kensingtoncafesd.com/,,Monday: 7:30 AM – 2:00 PM | Tuesday: 7:30 AM – 2:00 PM | Wednesday: 7:30 AM – 2:00 PM | Thursday: 7:30 AM – 2:00 PM | Friday: 7:30 AM – 2:00 PM | Saturday: 7:30 AM – 3:00 PM | Sunday: 7:30 AM – 3:00 PM,4.5,1284,PRICE_LEVEL_MODERATE,Google Places API,2026-04-22,32.763041699999995,-117.10611730000001,https://maps.google.com/?cid=16092516191707787358&g_mp=CiVnb29nbGUubWFwcy5wbGFjZXMudjEuUGxhY2VzLkdldFBsYWNlEAIYBCAA,Easygoing American restaurant with a dog-friendly patio serving classic American eats.,,,,,
Siamo Napoli Restaurant,"3959 30th St STE 105, San Diego, CA 92104, USA",(619) 310-6981,http://siamonapolisd.com/,,Monday: 4:00 – 8:30 PM | Tuesday: 4:00 – 8:30 PM | Wednesday: 4:00 – 8:30 PM | Thursday: 4:00 – 8:30 PM | Friday: 4:00 – 9:30 PM | Saturday: 4:00 – 9:30 PM | Sunday: 4:00 – 8:30 PM,4.7,939,PRICE_LEVEL_MODERATE,Google Places API,2026-04-22,32.7494113,-117.1299076,https://maps.google.com/?cid=7203065563189091425&g_mp=CiVnb29nbGUubWFwcy5wbGFjZXMudjEuUGxhY2VzLkdldFBsYWNlEAIYBCAA,"Pizzas, pastas, salads & desserts in a trendy Italian hub with hanging plants & plaster walls.",,,,,
Popeyes Louisiana Kitchen,"2810 El Cajon Blvd, San Diego, CA 92104, USA",(619) 781-4354,https://www.popeyes.com/store-locator/store/restaurant_237543,,Monday: 10:00 AM – 11:00 PM | Tuesday: 10:00 AM – 11:00 PM | Wednesday: 10:00 AM – 11:00 PM | Thursday: 10:00 AM – 11:00 PM | Friday: 10:00 AM – 11:00 PM | Saturday: 10:00 AM – 11:00 PM | Sunday: 10:00 AM – 11:00 PM,4,778,PRICE_LEVEL_INEXPENSIVE,Google Places API,2026-04-22,32.7558082,-117.13346709999999,https://maps.google.com/?cid=11639127504267384261&g_mp=CiVnb29nbGUubWFwcy5wbGFjZXMudjEuUGxhY2VzLkdldFBsYWNlEAIYBCAA,"Louisiana-inspired fast-food chain known for its crispy fried chicken, chicken sandwiches & fries.",,,,,
Nozaru Ramen Bar,"3375 Adams Ave, San Diego, CA 92116, USA",(619) 564-7183,http://nozaruramen.com/,Monday: 4:00 – 6:00 PM | Tuesday: 4:00 – 6:00 PM | Wednesday: 4:00 – 6:00 PM | Thursday: 4:00 – 6:00 PM | Friday: 4:00 – 6:00 PM | Saturday: 4:00 – 6:00 PM | Sunday: 4:00 – 6:00 PM,Monday: 4:00 – 9:00 PM | Tuesday: 4:00 – 9:00 PM | Wednesday: 4:00 – 9:00 PM | Thursday: 4:00 – 9:00 PM | Friday: 12:00 – 10:00 PM | Saturday: 12:00 – 10:00 PM | Sunday: 12:00 – 9:00 PM,4.5,373,PRICE_LEVEL_MODERATE,Google Places API (Happy Hours),2026-04-22,32.7631174,-117.12118999999998,https://maps.google.com/?cid=9998368339650922470&g_mp=CiVnb29nbGUubWFwcy5wbGFjZXMudjEuUGxhY2VzLkdldFBsYWNlEAIYBCAA,"Small, white-tiled Japanese place with a chill vibe offering ramen, sushi & gyoza.",,,,,
Sahara on Adams,"3355 Adams Ave, San Diego, CA 92116, USA",(619) 380-2292,http://www.saharaonadams.com/,,Monday: 11:00 AM – 9:00 PM | Tuesday: 11:00 AM – 9:00 PM | Wednesday: 11:00 AM – 9:00 PM | Thursday: 11:00 AM – 9:00 PM | Friday: 11:00 AM – 10:00 PM | Saturday: 11:00 AM – 10:00 PM | Sunday: 11:00 AM – 8:00 PM,4.5,160,PRICE_LEVEL_MODERATE,Google Places API,2026-04-22,32.7632252,-117.1215399,https://maps.google.com/?cid=2162586249494564530&g_mp=CiVnb29nbGUubWFwcy5wbGFjZXMudjEuUGxhY2VzLkdldFBsYWNlEAIYBCAA,,,,,,
Sayulitas Mexican Food,"4126 University Ave, San Diego, CA 92105, USA",(619) 230-5226,https://sayulitaseats.com/sayulitasmexicanfood?utm_source=google,,Monday: 7:00 AM – 11:00 PM | Tuesday: 7:00 AM – 11:00 PM | Wednesday: 7:00 AM – 11:00 PM | Thursday: 7:00 AM – 11:00 PM | Friday: 7:00 AM – 12:00 AM | Saturday: 7:00 AM – 12:00 AM | Sunday: 7:00 AM – 11:00 PM,4.4,129,PRICE_LEVEL_MODERATE,Google Places API,2026-04-22,32.7502612,-117.10619750000001,https://maps.google.com/?cid=2426709330063145913&g_mp=CiVnb29nbGUubWFwcy5wbGFjZXMudjEuUGxhY2VzLkdldFBsYWNlEAIYBCAA,,,,,,
Pappalecco,"4202 Adams Ave, San Diego, CA 92116, USA",(619) 255-4770,https://pappalecco.com/,Monday: 2:00 – 6:00 PM | Tuesday: 2:00 – 6:00 PM | Wednesday: 2:00 – 6:00 PM | Thursday: 2:00 – 6:00 PM | Friday: 2:00 – 6:00 PM | Saturday: Closed | Sunday: Closed,Monday: 7:00 AM – 9:30 PM | Tuesday: 7:00 AM – 9:30 PM | Wednesday: 7:00 AM – 9:30 PM | Thursday: 7:00 AM – 9:30 PM | Friday: 7:00 AM – 10:00 PM | Saturday: 7:00 AM – 10:00 PM | Sunday: 7:00 AM – 9:30 PM,4.7,805,PRICE_LEVEL_MODERATE,Google Places API (Happy Hours),2026-04-22,32.7633478,-117.10462260000001,https://maps.google.com/?cid=14965355720914624291&g_mp=CiVnb29nbGUubWFwcy5wbGFjZXMudjEuUGxhY2VzLkdldFBsYWNlEAIYBCAA,"Italian cafe fare such as panini, gelato & coffee are served in charming digs with a patio.",,,,,
Jyoti-Bihanga Vegan & Vegetarian Restaurant,"3351 Adams Ave, San Diego, CA 92116, USA",(619) 282-4116,http://www.jyotibihanga.com/,,Monday: 11:30 AM – 8:30 PM | Tuesday: 11:30 AM – 8:30 PM | Wednesday: 11:30 AM – 3:00 PM | Thursday: 11:30 AM – 8:30 PM | Friday: 11:30 AM – 8:30 PM | Saturday: 11:30 AM – 8:30 PM | Sunday: Closed,4.8,533,PRICE_LEVEL_INEXPENSIVE,Google Places API,2026-04-22,32.763206,-117.12159299999998,https://maps.google.com/?cid=7389004041692039443&g_mp=CiVnb29nbGUubWFwcy5wbGFjZXMudjEuUGxhY2VzLkdldFBsYWNlEAIYBCAA,Relaxed spot for inventive vegan & vegetarian fare run by students of spiritual master Sri Chinmoy.,,,,,
Rolberto's Taco Shop,"4090 El Cajon Blvd APT G, San Diego, CA 92105, USA",(619) 282-9859,,,Monday: 6:00 AM – 12:00 AM | Tuesday: 6:00 AM – 12:00 AM | Wednesday: 6:00 AM – 12:00 AM | Thursday: 6:00 AM – 12:00 AM | Friday: 6:00 AM – 12:00 AM | Saturday: 6:00 AM – 12:00 AM | Sunday: 6:00 AM – 12:00 AM,4.1,452,PRICE_LEVEL_INEXPENSIVE,Google Places API,2026-04-22,32.7556101,-117.1074245,https://maps.google.com/?cid=5613761709948993237&g_mp=CiVnb29nbGUubWFwcy5wbGFjZXMudjEuUGxhY2VzLkdldFBsYWNlEAIYBCAA,"Straightforward counter-serve eatery offering down-to-earth Mexican bites, plus video games.",,,,,
Aiberto's Taco Shop,"3894 41st St, San Diego, CA 92105, USA",(619) 640-6810,,,Monday: Open 24 hours | Tuesday: Open 24 hours | Wednesday: Open 24 hours | Thursday: Open 24 hours | Friday: Open 24 hours | Saturday: Open 24 hours | Sunday: Open 24 hours,3.9,481,PRICE_LEVEL_INEXPENSIVE,Google Places API,2026-04-22,32.7494632,-117.10719499999999,https://maps.google.com/?cid=14289121618813188459&g_mp=CiVnb29nbGUubWFwcy5wbGFjZXMudjEuUGxhY2VzLkdldFBsYWNlEAIYBCAA,"No-frills take-out eatery serving Mexican grub such as burritos, tacos & carne asada fries.",,,,,
Chris' Ono Grinds Island Grill - North Park,"4506 30th St, San Diego, CA 92116, USA",(619) 269-9962,https://onogrindscafe.com/,,Monday: 11:30 AM – 9:00 PM | Tuesday: Closed | Wednesday: 11:30 AM – 9:00 PM | Thursday: 11:30 AM – 9:00 PM | Friday: 11:30 AM – 9:00 PM | Saturday: 11:30 AM – 9:00 PM | Sunday: 11:30 AM – 9:00 PM,4.6,909,PRICE_LEVEL_INEXPENSIVE,Google Places API,2026-04-22,32.7593864,-117.13036140000001,https://maps.google.com/?cid=4960866352767066195&g_mp=CiVnb29nbGUubWFwcy5wbGFjZXMudjEuUGxhY2VzLkdldFBsYWNlEAIYBCAA,"Small Hawaiian eatery offering traditional pupus & other dishes, plus island-style burgers & wings.",,,,,
Denny's Restaurant,"2445 El Cajon Blvd, San Diego, CA 92104, USA",(619) 298-7046,https://locations.dennys.com/CA/SAN-DIEGO/246265?utm_source=G&utm_medium=organic&utm_campaign=DAC,,Monday: Open 24 hours | Tuesday: Open 24 hours | Wednesday: Open 24 hours | Thursday: Open 24 hours | Friday: Open 24 hours | Saturday: Open 24 hours | Sunday: Open 24 hours,4.5,4322,PRICE_LEVEL_INEXPENSIVE,Google Places API,2026-04-22,32.7550417,-117.13784649999998,https://maps.google.com/?cid=2849842499164376604&g_mp=CiVnb29nbGUubWFwcy5wbGFjZXMudjEuUGxhY2VzLkdldFBsYWNlEAIYBCAA,"Casual diner chain dishing up classic American comfort fare, including all-day breakfast favorites.",,,,,
The Haven Pizzeria,"4051 Adams Ave, San Diego, CA 92116, USA",(619) 281-1904,https://www.thehavenpizzeria.com/,Monday: 3:00 – 5:00 PM | Tuesday: 3:00 – 5:00 PM | Wednesday: 3:00 – 5:00 PM | Thursday: 3:00 – 5:00 PM | Friday: 3:00 – 5:00 PM | Saturday: Closed | Sunday: Closed,Monday: 3:00 – 8:30 PM | Tuesday: 3:00 – 8:30 PM | Wednesday: 3:00 – 8:30 PM | Thursday: 3:00 – 8:30 PM | Friday: 11:30 AM – 9:00 PM | Saturday: 11:30 AM – 9:00 PM | Sunday: 11:30 AM – 8:00 PM,4.6,420,PRICE_LEVEL_MODERATE,Google Places API (Happy Hours),2026-04-22,32.7631367,-117.10826089999999,https://maps.google.com/?cid=13731900546915413020&g_mp=CiVnb29nbGUubWFwcy5wbGFjZXMudjEuUGxhY2VzLkdldFBsYWNlEAIYBCAA,"Small, stylish venue where inventive pizzas & salads are backed by craft beers & wine.",,,,,
Filiberto's Mexican Food,"3446 University Ave, San Diego, CA 92105, USA",(619) 640-0385,https://filibertosmexicanfoodgo.twupro.com/,,Monday: Open 24 hours | Tuesday: Open 24 hours | Wednesday: Open 24 hours | Thursday: Open 24 hours | Friday: Open 24 hours | Saturday: Open 24 hours | Sunday: Open 24 hours,3.9,1270,PRICE_LEVEL_INEXPENSIVE,Google Places API,2026-04-22,32.7499519,-117.11949840000001,https://maps.google.com/?cid=14562298426192040572&g_mp=CiVnb29nbGUubWFwcy5wbGFjZXMudjEuUGxhY2VzLkdldFBsYWNlEAIYBCAA,"Mexican fast-food chain outlet specializing in tacos, burritos, tostadas & quesadillas.",,,,,
White Rice,"3586 Adams Ave Suite 100, San Diego, CA 92116, USA",(619) 255-1972,https://www.ricebowlsforall.com/,,Monday: 11:00 AM – 7:00 PM | Tuesday: 11:00 AM – 7:00 PM | Wednesday: 11:00 AM – 7:00 PM | Thursday: 11:00 AM – 7:00 PM | Friday: 11:00 AM – 8:00 PM | Saturday: 11:00 AM – 8:00 PM | Sunday: 11:00 AM – 7:00 PM,4.2,212,PRICE_LEVEL_MODERATE,Google Places API,2026-04-22,32.763556799999996,-117.1155513,https://maps.google.com/?cid=44744465419841830&g_mp=CiVnb29nbGUubWFwcy5wbGFjZXMudjEuUGxhY2VzLkdldFBsYWNlEAIYBCAA,,,,,,
100's seafood grill buffet,"2828 Camino del Rio S, San Diego, CA 92108, USA",(619) 906-4886,http://100sbuffet.com/,,Monday: 4:00 – 9:00 PM | Tuesday: Closed | Wednesday: 4:00 – 9:00 PM | Thursday: 4:00 – 9:00 PM | Friday: 4:00 – 9:00 PM | Saturday: 12:00 – 9:00 PM | Sunday: 12:00 – 9:00 PM,4.3,4164,PRICE_LEVEL_MODERATE,Google Places API,2026-04-22,32.7709067,-117.13224640000001,https://maps.google.com/?cid=10715637149468089909&g_mp=CiVnb29nbGUubWFwcy5wbGFjZXMudjEuUGxhY2VzLkdldFBsYWNlEAIYBCAA,"Roomy destination for all-you-can-eat Asian seafood, including sushi, hibachi fare & desserts.",,,,,
Thai Joint,"3456 Adams Ave, San Diego, CA 92116, USA",(619) 564-6659,http://thai-joint.com/,,"Monday: 11:30 AM – 2:30 PM, 4:00 – 9:00 PM | Tuesday: 11:30 AM – 2:30 PM, 4:00 – 9:00 PM | Wednesday: 11:30 AM – 2:30 PM, 4:00 – 9:00 PM | Thursday: 11:30 AM – 2:30 PM, 4:00 – 9:00 PM | Friday: 11:00 AM – 2:30 PM, 4:00 – 9:00 PM | Saturday: 11:00 AM – 9:00 PM | Sunday: 11:00 AM – 9:00 PM",4.4,232,PRICE_LEVEL_MODERATE,Google Places API,2026-04-22,32.763594,-117.11881760000001,https://maps.google.com/?cid=13169939960600399884&g_mp=CiVnb29nbGUubWFwcy5wbGFjZXMudjEuUGxhY2VzLkdldFBsYWNlEAIYBCAA,,,,,,
Hom Mali by The NoodBar,"4596 30th St, San Diego, CA 92116, USA",(619) 269-2117,https://www.ordernoodbar.com/,,"Monday: 11:30 AM – 3:30 PM, 4:30 – 9:30 PM | Tuesday: 11:30 AM – 3:30 PM, 4:30 – 9:30 PM | Wednesday: 11:30 AM – 3:30 PM, 4:30 – 9:30 PM | Thursday: 11:30 AM – 3:30 PM, 4:30 – 9:30 PM | Friday: 11:30 AM – 3:30 PM, 4:30 – 9:30 PM | Saturday: 11:30 AM – 3:30 PM, 4:30 – 9:30 PM | Sunday: 11:30 AM – 3:30 PM, 4:30 – 9:30 PM",4.3,311,PRICE_LEVEL_MODERATE,Google Places API,2026-04-22,32.760827,-117.13042320000001,https://maps.google.com/?cid=9263518610456076708&g_mp=CiVnb29nbGUubWFwcy5wbGFjZXMudjEuUGxhY2VzLkdldFBsYWNlEAIYBCAA,,,,,,
Laredo Taco Company,"3504 El Cajon Blvd, San Diego, CA 92104, USA",(619) 607-8742,https://www.laredotacocompany.com/restaurant-locator/detail/38571?utm_source=G&utm_medium=local&utm_campaign=google-local,,Monday: Open 24 hours | Tuesday: Open 24 hours | Wednesday: Open 24 hours | Thursday: Open 24 hours | Friday: Open 24 hours | Saturday: Open 24 hours | Sunday: Open 24 hours,4,82,,Google Places API,2026-04-22,32.7557016,-117.11772370000001,https://maps.google.com/?cid=858588959398938796&g_mp=CiVnb29nbGUubWFwcy5wbGFjZXMudjEuUGxhY2VzLkdldFBsYWNlEAIYBCAA,,,,,,
Ponce's Mexican Restaurant,"4050 Adams Ave, San Diego, CA 92116, USA",(619) 282-4413,http://www.poncesrestaurant.com/,"Monday: 2:00 – 5:00 PM, 8:00 – 9:00 PM | Tuesday: 2:00 – 5:00 PM, 8:00 – 9:00 PM | Wednesday: 2:00 – 5:00 PM, 8:00 – 9:00 PM | Thursday: 2:00 – 5:00 PM, 8:00 – 9:00 PM | Friday: 2:00 – 5:00 PM | Saturday: 2:00 – 5:00 PM | Sunday: Closed",Monday: 11:00 AM – 9:00 PM | Tuesday: 11:00 AM – 9:00 PM | Wednesday: 11:00 AM – 9:00 PM | Thursday: 11:00 AM – 9:00 PM | Friday: 11:00 AM – 9:00 PM | Saturday: 11:00 AM – 9:00 PM | Sunday: Closed,4.5,1815,PRICE_LEVEL_MODERATE,Google Places API (Happy Hours),2026-04-22,32.7634628,-117.1082107,https://maps.google.com/?cid=11999375618720049262&g_mp=CiVnb29nbGUubWFwcy5wbGFjZXMudjEuUGxhY2VzLkdldFBsYWNlEAIYBCAA,Bustling venue for traditional Mexican eats including burritos & enchiladas among retro decor.,,,,,
El Comal North Park,"3946 Illinois St, San Diego, CA 92104, USA",(619) 294-8292,https://elcomalsd.com/?utm_source=google,,"Monday: 10:00 AM – 3:00 PM, 5:00 – 9:00 PM | Tuesday: 10:00 AM – 3:00 PM, 5:00 – 9:00 PM | Wednesday: 10:00 AM – 3:00 PM, 5:00 – 9:00 PM | Thursday: 10:00 AM – 3:00 PM, 5:00 – 9:00 PM | Friday: 10:00 AM – 9:00 PM | Saturday: 9:00 AM – 9:00 PM | Sunday: 9:00 AM – 8:00 PM",4.4,1251,PRICE_LEVEL_MODERATE,Google Places API,2026-04-22,32.749352699999996,-117.1279433,https://maps.google.com/?cid=6330934688918527488&g_mp=CiVnb29nbGUubWFwcy5wbGFjZXMudjEuUGxhY2VzLkdldFBsYWNlEAIYBCAA,"Cozy go-to for hearty Mexican fare, with a full bar & vegetarian-friendly menu.",,,,,
Sycamore Den,"3391 Adams Ave, San Diego, CA 92116, USA",(619) 259-0045,http://www.sycamoreden.com/,Monday: 5:00 PM - 7:00 PM | Tuesday: 5:00 PM - 7:00 PM | Wednesday: 5:00 PM - 7:00 PM | Thursday: 5:00 PM - 7:00 PM | Friday: 2:00 PM - 7:00 PM | Saturday: 2:00 PM - 7:00 PM | Sunday: 2:00 PM - 7:00 PM,Monday: 5:00 PM – 2:00 AM | Tuesday: 5:00 PM – 2:00 AM | Wednesday: 5:00 PM – 2:00 AM | Thursday: 5:00 PM – 2:00 AM | Friday: 2:00 PM – 2:00 AM | Saturday: 2:00 PM – 2:00 AM | Sunday: 2:00 PM – 2:00 AM,4.4,392,PRICE_LEVEL_MODERATE,"Website (AI parsed, high confidence)",2026-04-22,32.76324170000001,-117.12089440000001,https://maps.google.com/?cid=15570403132116205389&g_mp=CiVnb29nbGUubWFwcy5wbGFjZXMudjEuUGxhY2VzLkdldFBsYWNlEAIYBCAA,"Charcuterie & cheese boards accompany artisanal cocktails & craft beer in a retro, '70s-style space.",,,,,
Rosie O'Grady's,"3402 Adams Ave, San Diego, CA 92116, USA",(619) 284-7666,http://rosieogradyssd.com/,Monday: 04:00 PM-07:00 PM | Tuesday: 04:00 PM-07:00 PM | Wednesday: 04:00 PM-07:00 PM | Thursday: 04:00 PM-07:00 PM | Friday: 04:00 PM-07:00 PM | Saturday: Closed | Sunday: Closed,Monday: 11:00 AM – 2:00 AM | Tuesday: 11:00 AM – 2:00 AM | Wednesday: 11:00 AM – 2:00 AM | Thursday: 11:00 AM – 2:00 AM | Friday: 11:00 AM – 2:00 AM | Saturday: 11:00 AM – 2:00 AM | Sunday: 10:00 AM – 2:00 AM,4.4,461,PRICE_LEVEL_INEXPENSIVE,"Website (AI parsed, high confidence)",2026-04-22,32.7635404,-117.12053890000001,https://maps.google.com/?cid=12298828278630117241&g_mp=CiVnb29nbGUubWFwcy5wbGFjZXMudjEuUGxhY2VzLkdldFBsYWNlEAIYBCAA,"Corner pub offers an impressive selection of beers on tap, multiple TVs & occasional live music.",,,,,
Triple Crown Pub,"3221 Adams Ave, San Diego, CA 92116, USA",,,,Monday: 5:00 PM – 12:00 AM | Tuesday: 5:00 PM – 1:30 AM | Wednesday: 5:00 PM – 1:30 AM | Thursday: 5:00 PM – 1:30 AM | Friday: 5:00 PM – 1:30 AM | Saturday: 3:00 PM – 1:30 AM | Sunday: 3:00 PM – 1:30 AM,4.4,430,PRICE_LEVEL_INEXPENSIVE,Google Places API,2026-04-22,32.763189,-117.12442870000001,https://maps.google.com/?cid=8002568679505497645&g_mp=CiVnb29nbGUubWFwcy5wbGFjZXMudjEuUGxhY2VzLkdldFBsYWNlEAIYBCAA,"Casual pub with TVs, patio space & a variety of games, including Ping-Pong, shuffleboard & foosball.",,,,,
Swan Bar,"2933 Adams Ave, San Diego, CA 92116, USA",,,Monday: Closed | Tuesday: 4:00 – 5:00 PM | Wednesday: 4:00 – 5:00 PM | Thursday: 4:00 – 5:00 PM | Friday: 4:00 – 5:00 PM | Saturday: 4:00 – 5:00 PM | Sunday: Closed,Monday: Closed | Tuesday: 4:00 PM – 12:00 AM | Wednesday: 4:00 PM – 12:00 AM | Thursday: 4:00 PM – 12:00 AM | Friday: 4:00 PM – 12:00 AM | Saturday: 3:00 PM – 12:00 AM | Sunday: Closed,4.5,252,PRICE_LEVEL_INEXPENSIVE,Google Places API (Happy Hours),2026-04-22,32.7627368,-117.1306712,https://maps.google.com/?cid=8758534531356938370&g_mp=CiVnb29nbGUubWFwcy5wbGFjZXMudjEuUGxhY2VzLkdldFBsYWNlEAIYBCAA,,,,,,
Polite Provisions,"4696 30th St, San Diego, CA 92116, USA",(619) 269-4701,http://politeprovisions.com/,,Monday: 5:00 PM – 2:00 AM | Tuesday: 5:00 PM – 2:00 AM | Wednesday: 5:00 PM – 2:00 AM | Thursday: 5:00 PM – 2:00 AM | Friday: 3:00 PM – 2:00 AM | Saturday: 3:00 PM – 2:00 AM | Sunday: 3:00 PM – 2:00 AM,4.6,2082,PRICE_LEVEL_MODERATE,Google Places API,2026-04-22,32.7627472,-117.1303853,https://maps.google.com/?cid=10096786157964005772&g_mp=CiVnb29nbGUubWFwcy5wbGFjZXMudjEuUGxhY2VzLkdldFBsYWNlEAIYBCAA,"Apothecary-esque bar offers craft cocktails & microbrews in a stylish, retro space with an atrium.",,,,,
Soda Bar,"3615 El Cajon Blvd, San Diego, CA 92104, USA",,http://sodabarmusic.com/,,Monday: 7:00 PM – 1:00 AM | Tuesday: 7:00 PM – 1:00 AM | Wednesday: 7:00 PM – 1:00 AM | Thursday: 7:00 PM – 1:00 AM | Friday: 7:00 PM – 1:00 AM | Saturday: 7:00 PM – 1:00 AM | Sunday: 7:00 PM – 1:00 AM,4.4,707,PRICE_LEVEL_INEXPENSIVE,Google Places API,2026-04-22,32.7550598,-117.11542,https://maps.google.com/?cid=12528296743761911466&g_mp=CiVnb29nbGUubWFwcy5wbGFjZXMudjEuUGxhY2VzLkdldFBsYWNlEAIYBCAA,Unpretentious bar with beer & mixed drinks alongside live music from a variety of artists.,,,,,
Cricket's Pub,"3339 El Cajon Blvd, San Diego, CA 92104, USA",(619) 282-8277,https://cricketspub.simdif.com/,Monday: 6:00 – 9:00 PM | Tuesday: 6:00 – 9:00 PM | Wednesday: 4:00 – 7:00 PM | Thursday: 4:00 – 7:00 PM | Friday: 4:00 – 7:00 PM | Saturday: Closed | Sunday: 10:00 AM – 12:00 PM,Monday: 10:00 AM – 2:00 AM | Tuesday: 10:00 AM – 2:00 AM | Wednesday: 10:00 AM – 2:00 AM | Thursday: 10:00 AM – 2:00 AM | Friday: 10:00 AM – 2:00 AM | Saturday: 10:00 AM – 2:00 AM | Sunday: 10:00 AM – 2:00 AM,4.4,104,PRICE_LEVEL_INEXPENSIVE,Google Places API (Happy Hours),2026-04-22,32.754993,-117.1215057,https://maps.google.com/?cid=9414010748814314117&g_mp=CiVnb29nbGUubWFwcy5wbGFjZXMudjEuUGxhY2VzLkdldFBsYWNlEAIYBCAA,"Neighborhood bar offers cocktails, brews & grub in a comfy space decked out with sports memorabilia.",,,,,
AIR CONDITIONED Lounge,"4673 30th St, San Diego, CA 92116, USA",(619) 501-9831,https://airconditionedlounge.com/,Monday: Closed | Tuesday: Closed | Wednesday: 5:00 PM - 8:00 PM | Thursday: 5:00 PM - 8:00 PM | Friday: 5:00 PM - 8:00 PM | Saturday: 5:00 PM - 8:00 PM | Sunday: 5:00 PM - 8:00 PM,Monday: Closed | Tuesday: Closed | Wednesday: 5:00 PM – 2:00 AM | Thursday: 5:00 PM – 2:00 AM | Friday: 5:00 PM – 2:00 AM | Saturday: 5:00 PM – 2:00 AM | Sunday: 3:00 – 8:00 PM,4.5,210,PRICE_LEVEL_MODERATE,"Website (AI parsed, high confidence)",2026-04-22,32.7623879,-117.13006739999999,https://maps.google.com/?cid=11950002434054198251&g_mp=CiVnb29nbGUubWFwcy5wbGFjZXMudjEuUGxhY2VzLkdldFBsYWNlEAIYBCAA,"With a throwback '50s style, this lounge & club offers drinks, DJs & a lively dance floor.",,,,,
Part Time Lover,"3829 30th St, San Diego, CA 92104, USA",(619) 932-4434,http://parttimeloverhifi.com/,,Monday: 4:00 PM – 2:00 AM | Tuesday: 4:00 PM – 2:00 AM | Wednesday: 4:00 PM – 2:00 AM | Thursday: 4:00 PM – 2:00 AM | Friday: 4:00 PM – 2:00 AM | Saturday: 4:00 PM – 2:00 AM | Sunday: 4:00 PM – 2:00 AM,4.5,504,PRICE_LEVEL_MODERATE,Google Places API,2026-04-22,32.747976799999996,-117.12994439999999,https://maps.google.com/?cid=9143626665173227328&g_mp=CiVnb29nbGUubWFwcy5wbGFjZXMudjEuUGxhY2VzLkdldFBsYWNlEAIYBCAA,,,,,,
Happy Medium,"4002 30th St, San Diego, CA 92104, USA",(619) 310-5642,http://www.happymediumsd.com/,,Monday: 4:00 PM – 12:00 AM | Tuesday: 4:00 PM – 12:00 AM | Wednesday: 4:00 PM – 12:00 AM | Thursday: 4:00 PM – 12:00 AM | Friday: 11:00 AM – 12:00 AM | Saturday: 11:00 AM – 12:00 AM | Sunday: 11:00 AM – 12:00 AM,4.7,129,PRICE_LEVEL_MODERATE,Google Places API,2026-04-22,32.7504907,-117.13038119999999,https://maps.google.com/?cid=13883304225772946727&g_mp=CiVnb29nbGUubWFwcy5wbGFjZXMudjEuUGxhY2VzLkdldFBsYWNlEAIYBCAA,,,,,,
Redwing Bar & Grill,"4012 30th St, San Diego, CA 92104, USA",(619) 281-8700,http://www.redwingbar.com/,,Monday: 2:00 PM – 1:00 AM | Tuesday: 11:00 AM – 1:00 AM | Wednesday: 11:00 AM – 1:00 AM | Thursday: 11:00 AM – 1:00 AM | Friday: 11:00 AM – 2:00 AM | Saturday: 11:00 AM – 2:00 AM | Sunday: 11:00 AM – 1:00 AM,4.4,1168,PRICE_LEVEL_INEXPENSIVE,Google Places API,2026-04-22,32.750651999999995,-117.13041539999999,https://maps.google.com/?cid=6697926370415129470&g_mp=CiVnb29nbGUubWFwcy5wbGFjZXMudjEuUGxhY2VzLkdldFBsYWNlEAIYBCAA,Neighborhood bar for casual drinks & bites plus popular karaoke & other theme nights.,,,,,
Seven Grand San Diego,"3054 University Ave, San Diego, CA 92104, USA",(619) 269-8820,https://www.sevengrandsd.com/,Monday: 4:00 – 8:00 PM | Tuesday: 4:00 – 8:00 PM | Wednesday: 4:00 – 8:00 PM | Thursday: 4:00 – 8:00 PM | Friday: 4:00 – 8:00 PM | Saturday: 4:00 – 8:00 PM | Sunday: 4:00 – 8:00 PM,Monday: 4:00 PM – 2:00 AM | Tuesday: 4:00 PM – 2:00 AM | Wednesday: 4:00 PM – 2:00 AM | Thursday: 4:00 PM – 2:00 AM | Friday: 4:00 PM – 2:00 AM | Saturday: 4:00 PM – 2:00 AM | Sunday: 4:00 PM – 2:00 AM,4.5,941,PRICE_LEVEL_MODERATE,Google Places API (Happy Hours),2026-04-22,32.7486155,-117.1286142,https://maps.google.com/?cid=14479334790739298046&g_mp=CiVnb29nbGUubWFwcy5wbGFjZXMudjEuUGxhY2VzLkdldFBsYWNlEAIYBCAA,"Stylish whiskey lounge offers an extensive bourbon menu, craft beers & dark wood-lined interiors.",,,,,
The Office Bar,"3936 30th St, San Diego, CA 92104, USA",(619) 450-6632,http://www.theofficebarsd.com/,Monday: 7:00 – 9:00 PM | Tuesday: 7:00 – 9:00 PM | Wednesday: 5:00 – 9:00 PM | Thursday: 5:00 – 9:00 PM | Friday: 5:00 – 9:00 PM | Saturday: 5:00 – 9:00 PM | Sunday: 5:00 – 9:00 PM,Monday: 7:00 PM – 1:45 AM | Tuesday: 7:00 PM – 1:45 AM | Wednesday: 5:00 PM – 1:45 AM | Thursday: 5:00 PM – 1:45 AM | Friday: 5:00 PM – 1:45 AM | Saturday: 5:00 PM – 1:45 AM | Sunday: 5:00 PM – 1:45 AM,4.1,550,PRICE_LEVEL_MODERATE,Google Places API (Happy Hours),2026-04-22,32.7492131,-117.1302676,https://maps.google.com/?cid=4032373889694579103&g_mp=CiVnb29nbGUubWFwcy5wbGFjZXMudjEuUGxhY2VzLkdldFBsYWNlEAIYBCAA,"Laid-back watering hole with drinks, late-night dancing with live DJs & an old-school office theme.",,,,,
Fairplay,"4026 30th St, San Diego, CA 92104, USA",(619) 269-3222,https://www.fairplaybar.com/,Monday: 2:00 – 5:00 PM | Tuesday: 2:00 – 5:00 PM | Wednesday: 2:00 – 5:00 PM | Thursday: 2:00 – 5:00 PM | Friday: 2:00 – 5:00 PM | Saturday: Closed | Sunday: Closed,Monday: 11:30 AM – 10:00 PM | Tuesday: 11:30 AM – 10:00 PM | Wednesday: 11:30 AM – 12:00 AM | Thursday: 11:30 AM – 12:00 AM | Friday: 11:30 AM – 12:00 AM | Saturday: 9:00 AM – 12:00 AM | Sunday: 8:00 AM – 10:00 PM,4.4,168,,Google Places API (Happy Hours),2026-04-22,32.7508756,-117.13035309999998,https://maps.google.com/?cid=17533914602656491238&g_mp=CiVnb29nbGUubWFwcy5wbGFjZXMudjEuUGxhY2VzLkdldFBsYWNlEAIYBCAA,,,,,,
Crafted Coupe,"3933 30th St Suite 2, San Diego, CA 92104, USA",(619) 572-4001,,,Monday: 5:00 PM – 2:00 AM | Tuesday: Closed | Wednesday: 5:00 PM – 2:00 AM | Thursday: 5:00 PM – 2:00 AM | Friday: 5:00 PM – 2:00 AM | Saturday: 5:00 PM – 2:00 AM | Sunday: 5:00 PM – 2:00 AM,4.6,79,,Google Places API,2026-04-22,32.7492063,-117.12973829999999,https://maps.google.com/?cid=11459175307903161861&g_mp=CiVnb29nbGUubWFwcy5wbGFjZXMudjEuUGxhY2VzLkdldFBsYWNlEAIYBCAA,,,,,,
Kensington Club,"4079 Adams Ave, San Diego, CA 92116, USA",(619) 284-2848,http://www.kensingtonclub1935.com/,,Monday: Closed | Tuesday: Closed | Wednesday: 4:00 PM – 2:00 AM | Thursday: 4:00 PM – 2:00 AM | Friday: 4:00 PM – 2:00 AM | Saturday: 4:00 PM – 2:00 AM | Sunday: 6:00 PM – 2:00 AM,4.3,277,PRICE_LEVEL_INEXPENSIVE,Google Places API,2026-04-22,32.7631277,-117.1076768,https://maps.google.com/?cid=9159851721262084824&g_mp=CiVnb29nbGUubWFwcy5wbGFjZXMudjEuUGxhY2VzLkdldFBsYWNlEAIYBCAA,"Circa-1935, cash-only spot offers a pool table & full bar plus live music from local bands.",,,,,
U-31,"3112 University Ave, San Diego, CA 92104, USA",(619) 584-4188,http://www.u31bar.com/,Monday: 5:00 PM – 1:30 AM | Tuesday: 5:00 PM – 2:00 AM | Wednesday: 5:00 PM – 2:00 AM | Thursday: 5:00 PM – 2:00 AM | Friday: 5:00 PM – 2:00 AM | Saturday: 2:00 PM – 2:00 AM | Sunday: 9:00 AM – 1:30 AM,Monday: 5:00 PM – 2:00 AM | Tuesday: 5:00 PM – 2:00 AM | Wednesday: 5:00 PM – 2:00 AM | Thursday: 5:00 PM – 2:00 AM | Friday: 5:00 PM – 2:00 AM | Saturday: 2:00 PM – 2:00 AM | Sunday: 2:00 PM – 2:00 AM,4.1,600,PRICE_LEVEL_MODERATE,Google Places API (Happy Hours),2026-04-22,32.7486229,-117.12728879999999,https://maps.google.com/?cid=15510644129572719353&g_mp=CiVnb29nbGUubWFwcy5wbGFjZXMudjEuUGxhY2VzLkdldFBsYWNlEAIYBCAA,"Club draws a party crowd for DJs, cocktails, bottle service, sports TV on Sundays, burgers & more.",,,,,
The Avenue Sports Bar,"3412 University Ave, San Diego, CA 92104, USA",,,,Monday: 12:00 PM – 2:00 AM | Tuesday: 12:00 PM – 2:00 AM | Wednesday: 12:00 PM – 2:00 AM | Thursday: 12:00 PM – 2:00 AM | Friday: 12:00 PM – 2:00 AM | Saturday: 12:00 PM – 2:00 AM | Sunday: 12:00 PM – 2:00 AM,4.2,45,,Google Places API,2026-04-22,32.749975299999996,-117.12016039999997,https://maps.google.com/?cid=9817661265999506575&g_mp=CiVnb29nbGUubWFwcy5wbGFjZXMudjEuUGxhY2VzLkdldFBsYWNlEAIYBCAA,,,,,,
The Banshee Bar,"3519 El Cajon Blvd, San Diego, CA 92104, USA",(619) 357-5666,https://thebansheebar.com/,Monday: 5:00 PM - 7:00 PM | Tuesday: 5:00 PM - 7:00 PM | Wednesday: 5:00 PM - 7:00 PM | Thursday: 5:00 PM - 7:00 PM | Friday: 5:00 PM - 7:00 PM | Saturday: 5:00 PM - 7:00 PM | Sunday: 5:00 PM - 7:00 PM,Monday: 5:00 PM – 2:00 AM | Tuesday: 5:00 PM – 2:00 AM | Wednesday: 5:00 PM – 2:00 AM | Thursday: 5:00 PM – 2:00 AM | Friday: 5:00 PM – 2:00 AM | Saturday: 5:00 PM – 2:00 AM | Sunday: 5:00 PM – 2:00 AM,4.6,10,,"Website (AI parsed, high confidence)",2026-04-22,32.7550248,-117.1175062,https://maps.google.com/?cid=10678294738426450669&g_mp=CiVnb29nbGUubWFwcy5wbGFjZXMudjEuUGxhY2VzLkdldFBsYWNlEAIYBCAA,,,,,,
Coin-Op Game Room,"3926 30th St, San Diego, CA 92104, USA",(619) 255-8523,https://coinopgameroom.com/,,Monday: 5:00 PM – 12:00 AM | Tuesday: 5:00 PM – 12:00 AM | Wednesday: 5:00 PM – 12:00 AM | Thursday: 5:00 PM – 12:00 AM | Friday: 5:00 PM – 2:00 AM | Saturday: 2:00 PM – 2:00 AM | Sunday: 2:00 PM – 12:00 AM,4.4,1241,PRICE_LEVEL_MODERATE,Google Places API,2026-04-22,32.7490528,-117.1304167,https://maps.google.com/?cid=8595044755486415612&g_mp=CiVnb29nbGUubWFwcy5wbGFjZXMudjEuUGxhY2VzLkdldFBsYWNlEAIYBCAA,Folks pass time at this cocktail-&-beer specialist playing its many arcade classics & other games.,,,,,
Cleopatra's Lounge,"3311 Adams Ave A, San Diego, CA 92116, USA",(619) 955-7559,https://cleopatrahookah2014.com/,Monday: 3:00 PM - 7:00 PM | Tuesday: 3:00 PM - 7:00 PM | Wednesday: 3:00 PM - 7:00 PM | Thursday: 3:00 PM - 7:00 PM | Friday: 3:00 PM - 7:00 PM | Saturday: 3:00 PM - 7:00 PM | Sunday: 3:00 PM - 7:00 PM,Monday: 3:00 PM – 2:00 AM | Tuesday: 3:00 PM – 2:00 AM | Wednesday: 3:00 PM – 2:00 AM | Thursday: 3:00 PM – 2:00 AM | Friday: 3:00 PM – 2:00 AM | Saturday: 3:00 PM – 2:00 AM | Sunday: 3:00 PM – 2:00 AM,4.6,73,,"Website (AI parsed, high confidence)",2026-04-22,32.7631525,-117.122517,https://maps.google.com/?cid=5633666247902558785&g_mp=CiVnb29nbGUubWFwcy5wbGFjZXMudjEuUGxhY2VzLkdldFBsYWNlEAIYBCAA,,,,,,
Dave & Buster's San Diego,"2931 Camino Del Rio N, San Diego, CA 92108, USA",(619) 280-7115,https://www.daveandbusters.com/us/en/about/locations/san-diego,"Monday: 4:00 – 7:00 PM, 10:00 PM – 12:00 AM | Tuesday: 4:00 – 7:00 PM, 10:00 PM – 12:00 AM | Wednesday: 4:00 – 7:00 PM, 10:00 PM – 1:00 AM | Thursday: 4:00 – 7:00 PM, 10:00 PM – 1:00 AM | Friday: 4:00 – 7:00 PM | Saturday: Closed | Sunday: 10:00 PM – 12:00 AM",Monday: 11:00 AM – 12:00 AM | Tuesday: 11:00 AM – 12:00 AM | Wednesday: 11:00 AM – 1:00 AM | Thursday: 11:00 AM – 1:00 AM | Friday: 11:00 AM – 2:00 AM | Saturday: 10:00 AM – 1:00 AM | Sunday: 10:00 AM – 12:00 AM,4.2,7897,PRICE_LEVEL_MODERATE,Google Places API (Happy Hours),2026-04-22,32.7727419,-117.1314573,https://maps.google.com/?cid=7875652136052668712&g_mp=CiVnb29nbGUubWFwcy5wbGFjZXMudjEuUGxhY2VzLkdldFBsYWNlEAIYBCAA,Family-friendly chain offering a sports-bar-style setting for American food & arcade games.,,,,,
Clem's Tap House,"4108 Adams Ave, San Diego, CA 92116, USA",(619) 255-4526,https://clemstaphouse.com/,,Monday: 11:00 AM – 10:00 PM | Tuesday: 11:00 AM – 10:00 PM | Wednesday: 11:00 AM – 10:00 PM | Thursday: 11:00 AM – 10:00 PM | Friday: 11:00 AM – 12:00 AM | Saturday: 11:00 AM – 12:00 AM | Sunday: 11:00 AM – 10:00 PM,4.7,326,PRICE_LEVEL_MODERATE,Google Places API,2026-04-22,32.7636299,-117.1071016,https://maps.google.com/?cid=5022401088456798042&g_mp=CiVnb29nbGUubWFwcy5wbGFjZXMudjEuUGxhY2VzLkdldFBsYWNlEAIYBCAA,"Modern taphouse serves up rotating craft brews & curated wines in a dimly lit, stylish interior.",,,,,
San Diego Eagle,"3040 N Park Way, San Diego, CA 92104, USA",(619) 295-8072,http://www.sandiegoeagle.com/,Monday: 4:00 – 8:00 PM | Tuesday: 4:00 – 8:00 PM | Wednesday: 4:00 – 8:00 PM | Thursday: 4:00 – 8:00 PM | Friday: 2:00 – 8:00 PM | Saturday: 2:00 – 8:00 PM | Sunday: 2:00 – 8:00 PM,Monday: 4:00 PM – 2:00 AM | Tuesday: 4:00 PM – 2:00 AM | Wednesday: 4:00 PM – 2:00 AM | Thursday: 4:00 PM – 2:00 AM | Friday: 2:00 PM – 2:00 AM | Saturday: 2:00 PM – 2:00 AM | Sunday: 2:00 PM – 2:00 AM,3.8,82,PRICE_LEVEL_INEXPENSIVE,Google Places API (Happy Hours),2026-04-22,32.7475976,-117.12872990000001,https://maps.google.com/?cid=1437423168781309797&g_mp=CiVnb29nbGUubWFwcy5wbGFjZXMudjEuUGxhY2VzLkdldFBsYWNlEAIYBCAA,Intimate gay bar featuring a pool table & nighttime events in a low-key atmosphere.,,,,,
Botanica Art & Cocktail Bar,"3139 University Ave, San Diego, CA 92104, USA",(619) 310-6370,http://botanicabarsd.com/,Monday: Closed | Tuesday: 5:00 – 9:30 PM | Wednesday: 5:00 – 7:00 PM | Thursday: 5:00 – 7:00 PM | Friday: Closed | Saturday: Closed | Sunday: Closed,Monday: Closed | Tuesday: 5:00 – 10:00 PM | Wednesday: 5:00 – 10:00 PM | Thursday: 5:00 – 10:00 PM | Friday: 5:00 PM – 12:00 AM | Saturday: 5:00 PM – 12:00 AM | Sunday: 5:00 – 10:00 PM,4.4,167,,Google Places API (Happy Hours),2026-04-22,32.7482847,-117.1263374,https://maps.google.com/?cid=1886012619265737673&g_mp=CiVnb29nbGUubWFwcy5wbGFjZXMudjEuUGxhY2VzLkdldFBsYWNlEAIYBCAA,,,,,,
619 Spirits North Park,"3015 Lincoln Ave, San Diego, CA 92104, USA",(619) 269-2757,https://www.619spirits.com/,Monday: 3:00 – 6:00 PM | Tuesday: 3:00 – 6:00 PM | Wednesday: 3:00 – 6:00 PM | Thursday: 3:00 – 6:00 PM | Friday: 3:00 – 6:00 PM | Saturday: 3:00 – 6:00 PM | Sunday: 3:00 – 6:00 PM,Monday: 12:00 – 10:00 PM | Tuesday: 12:00 – 10:00 PM | Wednesday: 12:00 – 10:00 PM | Thursday: 12:00 – 10:00 PM | Friday: 12:00 PM – 1:00 AM | Saturday: 11:00 AM – 1:00 AM | Sunday: 11:00 AM – 9:00 PM,4.4,295,PRICE_LEVEL_MODERATE,Google Places API (Happy Hours),2026-04-22,32.750150999999995,-117.12978980000001,https://maps.google.com/?cid=7130333293416535942&g_mp=CiVnb29nbGUubWFwcy5wbGFjZXMudjEuUGxhY2VzLkdldFBsYWNlEAIYBCAA,,,,,,
Belching Beaver Brewery North Park,"4223 30th St, San Diego, CA 92104, USA",(619) 282-1062,https://northpark.belchingbeaver.com/,Monday: Closed | Tuesday: 3:00 PM - 10:00 PM | Wednesday: Closed | Thursday: Closed | Friday: Closed | Saturday: Closed | Sunday: Closed,Monday: 3:00 – 9:00 PM | Tuesday: 3:00 – 10:00 PM | Wednesday: 3:00 – 10:00 PM | Thursday: 3:00 – 10:00 PM | Friday: 12:00 PM – 12:00 AM | Saturday: 12:00 PM – 12:00 AM | Sunday: 12:00 – 9:00 PM,4.6,474,PRICE_LEVEL_INEXPENSIVE,"Website (AI parsed, medium confidence)",2026-04-22,32.7546222,-117.13005249999998,https://maps.google.com/?cid=14685650467016931830&g_mp=CiVnb29nbGUubWFwcy5wbGFjZXMudjEuUGxhY2VzLkdldFBsYWNlEAIYBCAA,"Dog-friendly tasting room features a range of housemade beers in a welcoming, industrial-chic space.",,,,,
The Glampisphere @ The Air Conditioned Lounge,"4673 30th St Patio G, San Diego, CA 92116, USA",(619) 501-9831,http://www.glampisphere.space/,,Monday: 12:00 AM – 10:00 PM | Tuesday: 10:00 AM – 10:00 PM | Wednesday: 10:00 AM – 10:00 PM | Thursday: 10:00 AM – 10:00 PM | Friday: 10:00 AM – 10:00 PM | Saturday: 10:00 AM – 10:00 PM | Sunday: 10:00 AM – 12:00 AM,4.9,14,,Google Places API,2026-04-22,32.7623663,-117.1300141,https://maps.google.com/?cid=16830241955650369723&g_mp=CiVnb29nbGUubWFwcy5wbGFjZXMudjEuUGxhY2VzLkdldFBsYWNlEAIYBCAA,,,,,,
Cantina Mayahuel,"2934 Adams Ave, San Diego, CA 92116, USA",,https://cantinamayahuelsd.com/,,Monday: Closed | Tuesday: 12:00 – 10:00 PM | Wednesday: 12:00 – 10:00 PM | Thursday: 12:00 – 10:00 PM | Friday: 12:00 – 10:00 PM | Saturday: 12:00 – 10:00 PM | Sunday: 12:00 – 10:00 PM,4.6,1132,PRICE_LEVEL_MODERATE,Google Places API,2026-04-22,32.763072199999996,-117.130601,https://maps.google.com/?cid=17142476270353452108&g_mp=CiVnb29nbGUubWFwcy5wbGFjZXMudjEuUGxhY2VzLkdldFBsYWNlEAIYBCAA,"Mole dishes, fish tacos, margaritas, happy-hour deals & more in a low-key space with a wood bar.",,,,,
West Coast Tavern,"2895 University Ave, San Diego, CA 92104, USA",(619) 543-0113,https://www.westcoasttavern.com/,,Monday: Closed | Tuesday: Closed | Wednesday: Closed | Thursday: 5:00 – 11:00 PM | Friday: 5:00 – 11:00 PM | Saturday: 10:00 AM – 11:00 PM | Sunday: 10:00 AM – 9:00 PM,4.2,527,PRICE_LEVEL_MODERATE,Google Places API,2026-04-22,32.7482495,-117.13139980000001,https://maps.google.com/?cid=8996199131923058843&g_mp=CiVnb29nbGUubWFwcy5wbGFjZXMudjEuUGxhY2VzLkdldFBsYWNlEAIYBCAA,"Former movie theater is now a slick, casual spot for American fare, cocktails, happy hours & events.",,,,,
Encontro North Park,"3001 University Ave #3001, San Diego, CA 92104, USA",(619) 291-1220,http://www.encontronorthpark.com/,Monday: 2:30 – 5:00 PM | Tuesday: 2:30 – 5:00 PM | Wednesday: 2:30 – 5:00 PM | Thursday: 2:30 – 5:00 PM | Friday: 2:30 – 5:00 PM | Saturday: Closed | Sunday: Closed,Monday: 11:00 AM – 9:00 PM | Tuesday: 11:00 AM – 9:00 PM | Wednesday: 11:00 AM – 9:00 PM | Thursday: 11:00 AM – 9:00 PM | Friday: 11:00 AM – 10:00 PM | Saturday: 10:00 AM – 10:00 PM | Sunday: 10:00 AM – 9:00 PM,4.2,684,PRICE_LEVEL_MODERATE,Google Places API (Happy Hours),2026-04-22,32.7482039,-117.1299095,https://maps.google.com/?cid=14049087794477307619&g_mp=CiVnb29nbGUubWFwcy5wbGFjZXMudjEuUGxhY2VzLkdldFBsYWNlEAIYBCAA,Industrial-chic spot for American fare like flame-grilled meats & hearty salads.,,,,,
True North Tavern,"3815 30th St, San Diego, CA 92104, USA",(619) 291-3815,http://truenorthtavern.com/,Monday: 4:00 – 10:00 PM | Tuesday: Closed | Wednesday: Closed | Thursday: 4:00 – 11:00 PM | Friday: 11:00 AM – 6:00 PM | Saturday: 9:00 AM – 6:00 PM | Sunday: 9:00 AM – 10:00 PM,Monday: 4:00 – 10:00 PM | Tuesday: Closed | Wednesday: Closed | Thursday: 4:00 – 11:00 PM | Friday: 11:00 AM – 2:00 AM | Saturday: 9:00 AM – 2:00 AM | Sunday: 9:00 AM – 10:00 PM,4,850,PRICE_LEVEL_MODERATE,Google Places API (Happy Hours),2026-04-22,32.7477155,-117.12993540000001,https://maps.google.com/?cid=10034457884361199114&g_mp=CiVnb29nbGUubWFwcy5wbGFjZXMudjEuUGxhY2VzLkdldFBsYWNlEAIYBCAA,Casual bar food & drinks star at this tavern with a lively dance floor plus plenty of TVs.,,,,,
Crazee Burger,"3993 30th St, San Diego, CA 92104, USA",(619) 282-6044,http://crazeeburger.com/,,Monday: 9:00 AM – 10:00 PM | Tuesday: 9:00 AM – 10:00 PM | Wednesday: 9:00 AM – 10:00 PM | Thursday: 9:00 AM – 10:00 PM | Friday: 9:00 AM – 11:00 PM | Saturday: 9:00 AM – 11:00 PM | Sunday: 9:00 AM – 10:00 PM,4.6,2224,PRICE_LEVEL_MODERATE,Google Places API,2026-04-22,32.750175299999995,-117.1299264,https://maps.google.com/?cid=5360646425774850567&g_mp=CiVnb29nbGUubWFwcy5wbGFjZXMudjEuUGxhY2VzLkdldFBsYWNlEAIYBCAA,Gourmet burger spot boasting unexpected options like kangaroo & antelope patties in a basic setting.,,,,,
Hopnonymous Brewing - Normal Heights,"3514 Adams Ave, San Diego, CA 92116, USA",(619) 847-4628,https://hopnonymousbrewing.com/locations/adams-ave/,,Monday: 3:00 – 9:00 PM | Tuesday: 1:00 – 9:00 PM | Wednesday: 1:00 – 9:00 PM | Thursday: 1:00 – 9:00 PM | Friday: 12:00 – 10:00 PM | Saturday: 12:00 – 10:00 PM | Sunday: 12:00 – 7:00 PM,4.8,35,,Google Places API,2026-04-22,32.7635164,-117.11693860000001,https://maps.google.com/?cid=5267071327415625367&g_mp=CiVnb29nbGUubWFwcy5wbGFjZXMudjEuUGxhY2VzLkdldFBsYWNlEAIYBCAA,,,,,,
Original 40 Brewing Company,"3117 University Ave, San Diego, CA 92104, USA",(619) 255-7380,http://www.original40brewing.com/,,Monday: 12:00 – 10:00 PM | Tuesday: 12:00 – 10:00 PM | Wednesday: 12:00 – 10:00 PM | Thursday: 12:00 PM – 12:00 AM | Friday: 12:00 PM – 12:00 AM | Saturday: 11:30 AM – 12:00 AM | Sunday: 11:30 AM – 10:00 PM,4.7,361,,Google Places API,2026-04-22,32.7483021,-117.12661320000001,https://maps.google.com/?cid=1503421985409355654&g_mp=CiVnb29nbGUubWFwcy5wbGFjZXMudjEuUGxhY2VzLkdldFBsYWNlEAIYBCAA,,,,,,
Fall Brewing Company,"4542 30th St, San Diego, CA 92116, USA",(619) 501-0903,https://www.fallbrewingcompany.com/,,Monday: 11:00 AM – 10:00 PM | Tuesday: 11:00 AM – 10:00 PM | Wednesday: 11:00 AM – 10:00 PM | Thursday: 11:00 AM – 10:00 PM | Friday: 11:00 AM – 12:00 AM | Saturday: 11:00 AM – 12:00 AM | Sunday: 11:00 AM – 10:00 PM,4.6,510,,Google Places API,2026-04-22,32.760023,-117.1304411,https://maps.google.com/?cid=2600041634681832738&g_mp=CiVnb29nbGUubWFwcy5wbGFjZXMudjEuUGxhY2VzLkdldFBsYWNlEAIYBCAA,,,,,,
Pretzels & Pints,"3812 Ray St, San Diego, CA 92104, USA",(619) 230-5353,https://www.pretzelsandpints.com/,Monday: 12:00 PM - 6:00 PM | Tuesday: 12:00 PM - 6:00 PM | Wednesday: 12:00 PM - 6:00 PM | Thursday: 12:00 PM - 6:00 PM | Friday: 12:00 PM - 6:00 PM | Saturday: Closed | Sunday: Closed,Monday: 12:00 – 10:00 PM | Tuesday: 12:00 – 10:00 PM | Wednesday: 12:00 – 10:00 PM | Thursday: 12:00 – 10:00 PM | Friday: 12:00 – 10:00 PM | Saturday: 11:00 AM – 10:00 PM | Sunday: 11:00 AM – 10:00 PM,4.7,635,PRICE_LEVEL_INEXPENSIVE,"Website (AI parsed, medium confidence)",2026-04-22,32.7476724,-117.12957759999999,https://maps.google.com/?cid=6390059265245469365&g_mp=CiVnb29nbGUubWFwcy5wbGFjZXMudjEuUGxhY2VzLkdldFBsYWNlEAIYBCAA,A variety soft pretzels are served with housemade beer cheese sauce in straightforward surrounds.,,,,,
North Park Beer Company,"3038 University Ave, San Diego, CA 92104, USA",(619) 255-2994,http://www.northparkbeerco.com/,,Monday: 12:00 – 10:00 PM | Tuesday: 12:00 – 10:00 PM | Wednesday: 12:00 – 10:00 PM | Thursday: 12:00 – 10:00 PM | Friday: 12:00 PM – 12:00 AM | Saturday: 12:00 PM – 12:00 AM | Sunday: 12:00 – 10:00 PM,4.5,607,PRICE_LEVEL_MODERATE,Google Places API,2026-04-22,32.748646,-117.12914889999999,https://maps.google.com/?cid=5905379183171865657&g_mp=CiVnb29nbGUubWFwcy5wbGFjZXMudjEuUGxhY2VzLkdldFBsYWNlEAIYBCAA,Spacious brewery & taproom serving San Diego-style ales & lagers amid dapper decor.,,,,,
Nook and Pantry,"3043 University Ave, San Diego, CA 92104, USA",(619) 269-5776,https://nookandpantrysd.com/,,Monday: Closed | Tuesday: Closed | Wednesday: Closed | Thursday: 4:00 AM – 8:00 PM | Friday: 4:00 AM – 8:00 PM | Saturday: 10:00 AM – 6:00 PM | Sunday: 11:00 AM – 4:00 PM,4.6,98,,Google Places API,2026-04-22,32.7483559,-117.1286865,https://maps.google.com/?cid=5173033295932569960&g_mp=CiVnb29nbGUubWFwcy5wbGFjZXMudjEuUGxhY2VzLkdldFBsYWNlEAIYBCAA,,,,,,
Val's Vegan Kitchen,"2611 El Cajon Blvd, San Diego, CA 92104, USA",(619) 432-1503,https://www.valsvegankitchen.com/,,Monday: 11:00 AM – 12:00 AM | Tuesday: 11:00 AM – 12:00 AM | Wednesday: 11:00 AM – 12:00 AM | Thursday: 11:00 AM – 10:00 PM | Friday: 11:00 AM – 12:00 AM | Saturday: 11:00 AM – 12:00 AM | Sunday: 11:00 AM – 12:00 AM,4.8,61,PRICE_LEVEL_MODERATE,Google Places API,2026-04-22,32.754922199999996,-117.13594729999998,https://maps.google.com/?cid=1833227717881913051&g_mp=CiVnb29nbGUubWFwcy5wbGFjZXMudjEuUGxhY2VzLkdldFBsYWNlEAIYBCAA,,,,,,
Studio Stratton Inc.,"4714 Marlborough Dr, San Diego, CA 92116, USA",(858) 465-7708,https://studiostratton.com/?utm_source=google&utm_medium=organic&utm_campaign=google-business-profile,,Monday: 9:00 AM – 5:00 PM | Tuesday: 9:00 AM – 5:00 PM | Wednesday: 9:00 AM – 4:00 PM | Thursday: 9:00 AM – 5:00 PM | Friday: 9:00 AM – 4:00 PM | Saturday: Closed | Sunday: Closed,5,43,,Google Places API,2026-04-22,32.763663699999995,-117.10648609999998,https://maps.google.com/?cid=3091162263994926173&g_mp=CiVnb29nbGUubWFwcy5wbGFjZXMudjEuUGxhY2VzLkdldFBsYWNlEAIYBCAA,,,,,,
Edison Home Improvement,"3160 Camino del Rio S, San Diego, CA 92108, USA",(619) 993-2000,https://www.edisonhomeimprovement.com/,,Monday: 8:30 AM – 5:00 PM | Tuesday: 8:30 AM – 5:00 PM | Wednesday: 8:30 AM – 5:00 PM | Thursday: 8:30 AM – 5:00 PM | Friday: 8:30 AM – 5:00 PM | Saturday: Closed | Sunday: Closed,4.4,57,,Google Places API,2026-04-22,32.7740356,-117.1247748,https://maps.google.com/?cid=7874350348683467851&g_mp=CiVnb29nbGUubWFwcy5wbGFjZXMudjEuUGxhY2VzLkdldFBsYWNlEAIYBCAA,,,,,,
Empanada Kitchen,"2855 El Cajon Blvd Suite 3, San Diego, CA 92104, USA",(619) 228-9565,http://empanada-kitchen.com/,,Monday: 10:00 AM – 8:00 PM | Tuesday: 10:00 AM – 8:00 PM | Wednesday: 10:00 AM – 8:00 PM | Thursday: 10:00 AM – 9:00 PM | Friday: 10:00 AM – 9:00 PM | Saturday: 9:00 AM – 9:00 PM | Sunday: 9:00 AM – 6:00 PM,4.7,228,PRICE_LEVEL_INEXPENSIVE,Google Places API,2026-04-22,32.7549047,-117.1323498,https://maps.google.com/?cid=13886543590083685134&g_mp=CiVnb29nbGUubWFwcy5wbGFjZXMudjEuUGxhY2VzLkdldFBsYWNlEAIYBCAA,,,,,,
MC's Kitchen,"Ray Street &, N Park Way, San Diego, CA 92104, USA",(619) 438-0658,http://www.mcskitchen.com/,Monday: 3:00 PM - 6:00 PM | Tuesday: 3:00 PM - 6:00 PM | Wednesday: 3:00 PM - 6:00 PM | Thursday: 3:00 PM - 6:00 PM | Friday: 4:00 PM - 7:00 PM | Saturday: Closed | Sunday: Closed,Monday: Closed | Tuesday: Closed | Wednesday: Closed | Thursday: 3:00 – 7:30 PM | Friday: Closed | Saturday: Closed | Sunday: Closed,4.4,7,,"Website (AI parsed, high confidence)",2026-04-22,32.7473927,-117.1292302,https://maps.google.com/?cid=18031168563403915813&g_mp=CiVnb29nbGUubWFwcy5wbGFjZXMudjEuUGxhY2VzLkdldFBsYWNlEAIYBCAA,,,,,,
Tejedas' Peruvian Kitchen,"3864 Swift Ave, San Diego, CA 92104, USA",(619) 865-2813,https://www.facebook.com/profile.php?id=61566501492616,,Monday: 9:00 AM – 5:00 PM | Tuesday: 9:00 AM – 5:00 PM | Wednesday: Closed | Thursday: Closed | Friday: Closed | Saturday: Closed | Sunday: Closed,4.9,28,,Google Places API,2026-04-22,32.7491888,-117.11955329999999,https://maps.google.com/?cid=3146153045239996202&g_mp=CiVnb29nbGUubWFwcy5wbGFjZXMudjEuUGxhY2VzLkdldFBsYWNlEAIYBCAA,,,,,,
Panchita's Kitchen & Bakery,"3803 32nd St, San Diego, CA 92104, USA",(619) 255-5498,http://panchitasbakery.com/,Monday: 3:00 – 6:00 PM | Tuesday: 3:00 – 6:00 PM | Wednesday: 3:00 – 6:00 PM | Thursday: 3:00 – 6:00 PM | Friday: 3:00 – 6:00 PM | Saturday: 3:00 – 6:00 PM | Sunday: 3:00 – 6:00 PM,Monday: 7:30 AM – 2:00 PM | Tuesday: 7:30 AM – 2:00 PM | Wednesday: 7:30 AM – 2:00 PM | Thursday: 7:30 AM – 2:00 PM | Friday: 7:30 AM – 2:00 PM | Saturday: 7:30 AM – 2:00 PM | Sunday: 7:30 AM – 2:00 PM,4.4,705,PRICE_LEVEL_INEXPENSIVE,Google Places API (Happy Hours),2026-04-22,32.747551,-117.12476500000001,https://maps.google.com/?cid=8491118440616928588&g_mp=CiVnb29nbGUubWFwcy5wbGFjZXMudjEuUGxhY2VzLkdldFBsYWNlEAIYBCAA,"Established Mexican bakery offering traditional pastries, breads & cakes in an unassuming space.",,,,,
Mastiff Kitchen at North Park Beer Co.,"3038 University Ave, San Diego, CA 92104, USA",(619) 255-2777,https://mastiffnorthpark.com/,,Monday: 3:00 – 9:15 PM | Tuesday: 12:00 – 9:15 PM | Wednesday: 12:00 – 9:15 PM | Thursday: 12:00 – 9:15 PM | Friday: 12:00 – 11:00 PM | Saturday: 12:00 – 11:00 PM | Sunday: 12:00 – 9:15 PM,4.2,90,PRICE_LEVEL_MODERATE,Google Places API,2026-04-22,32.7487249,-117.1291303,https://maps.google.com/?cid=15247070351401494090&g_mp=CiVnb29nbGUubWFwcy5wbGFjZXMudjEuUGxhY2VzLkdldFBsYWNlEAIYBCAA,,,,,,
