restaurant_name,address,phone_number,website_url,happy_hour_times,regular_hours,rating,review_count,price_level,source,freshness_date,latitude,longitude
The Hangout Restaurant and Bar,"2736 Adams Ave, San Diego, CA 92116, USA",+1 619-640-2121,http://www.thehangoutrestaurantandbar.com/,Monday: Closed | Tuesday: Closed | Wednesday: Closed | Thursday: 3:00 PM - 6:00 PM | Friday: 3:00 PM - 6:00 PM | Saturday: 3:00 PM - 6:00 PM | Sunday: 3:00 PM - 6:00 PM,Monday: 8:00 AM – 3:00 PM | Tuesday: 8:00 AM – 3:00 PM | Wednesday: 8:00 AM – 3:00 PM | Thursday: 8:00 AM – 10:00 PM | Friday: 8:00 AM – 10:00 PM | Saturday: 8:00 AM – 10:00 PM | Sunday: 8:00 AM – 10:00 PM,4.7,49,,Website,2026-04-19,32.7632105,-117.134357
The Rabbit Hole,"3377 Adams Ave, San Diego, CA 92116, USA",+1 619-255-4653,http://rabbitholesd.com/,Monday: 04:00 PM - 06:00 PM | Tuesday: 12:00 PM - 12:00 AM | Wednesday: 04:00 PM - 06:00 PM | Thursday: 04:00 PM - 06:00 PM | Friday: 04:00 PM - 06:00 PM | Saturday: 09:00 AM - 02:00 PM | Sunday: 09:00 AM - 02:00 PM,Monday: 12:00 – 11:00 PM | Tuesday: 12:00 – 11:00 PM | Wednesday: 12:00 – 11:00 PM | Thursday: 12:00 – 11:00 PM | Friday: 12:00 PM – 1:00 AM | Saturday: 10:00 AM – 1:00 AM | Sunday: 10:00 AM – 11:00 PM,4.3,1376,PRICE_LEVEL_MODERATE,Website,2026-04-19,32.7631057,-117.1210771
Happy Medium,"4002 30th St, San Diego, CA 92104, USA",+1 619-310-5642,http://www.happymediumsd.com/,,Monday: 4:00 PM – 12:00 AM | Tuesday: 4:00 PM – 12:00 AM | Wednesday: 4:00 PM – 12:00 AM | Thursday: 4:00 PM – 12:00 AM | Friday: 11:00 AM – 12:00 AM | Saturday: 11:00 AM – 12:00 AM | Sunday: 11:00 AM – 12:00 AM,4.7,129,PRICE_LEVEL_MODERATE,google_maps_api_v1,2026-04-19,32.7504907,-117.1303812
The Vibe,"3250 Adams Ave Ste 101, San Diego, CA 92116, USA",+1 619-901-2281,https://thevibeco.com/,,Monday: 8:00 AM – 2:00 PM | Tuesday: 8:00 AM – 2:00 PM | Wednesday: 8:00 AM – 2:00 PM | Thursday: 8:00 AM – 2:00 PM | Friday: 8:00 AM – 2:00 PM | Saturday: 8:00 AM – 3:00 PM | Sunday: 8:00 AM – 3:00 PM,4.4,381,PRICE_LEVEL_MODERATE,google_maps_api_v1,2026-04-19,32.7636607,-117.1236181
Swan Bar,"2933 Adams Ave, San Diego, CA 92116, USA",,,Monday: Closed | Tuesday: 4:00 – 5:00 PM | Wednesday: 4:00 – 5:00 PM | Thursday: 4:00 – 5:00 PM | Friday: 4:00 – 5:00 PM | Saturday: 4:00 – 5:00 PM | Sunday: Closed,Monday: Closed | Tuesday: 4:00 PM – 12:00 AM | Wednesday: 4:00 PM – 12:00 AM | Thursday: 4:00 PM – 12:00 AM | Friday: 4:00 PM – 12:00 AM | Saturday: 3:00 PM – 12:00 AM | Sunday: Closed,4.5,252,PRICE_LEVEL_INEXPENSIVE,google_maps_api_v1,2026-04-19,32.7627368,-117.1306712
Wormwood,"4677 30th St, San Diego, CA 92116, USA",+1 619-915-6706,http://www.wormwoodsd.com/,,"Monday: Closed | Tuesday: Closed | Wednesday: 5:00 – 9:30 PM | Thursday: 5:00 – 9:30 PM | Friday: 5:00 – 10:00 PM | Saturday: 5:00 – 10:00 PM | Sunday: 10:00 AM – 2:00 PM, 5:00 – 9:30 PM",4.5,345,,google_maps_api_v1,2026-04-19,32.7624737,-117.1299911
Polite Provisions,"4696 30th St, San Diego, CA 92116, USA",+1 619-269-4701,http://politeprovisions.com/,,Monday: 5:00 PM – 2:00 AM | Tuesday: 5:00 PM – 2:00 AM | Wednesday: 5:00 PM – 2:00 AM | Thursday: 5:00 PM – 2:00 AM | Friday: 3:00 PM – 2:00 AM | Saturday: 3:00 PM – 2:00 AM | Sunday: 3:00 PM – 2:00 AM,4.6,2078,PRICE_LEVEL_MODERATE,google_maps_api_v1,2026-04-19,32.7627472,-117.1303853
Kairoa Brewing Company,"4601 Park Blvd Ste A, San Diego, CA 92116, USA",+1 619-295-1355,https://kairoa.com/menu/,Wednesday: 4:00 - 6:00 PM | Thursday: 4:00 - 6:00 PM | Friday: 4:00 - 6:00 PM | Saturday: 4:00 - 6:00 PM | Sunday: 4:00 - 6:00 PM | Monday: Closed | Tuesday: Closed,Monday: Closed | Tuesday: 5:00 – 8:00 PM | Wednesday: 4:00 – 10:00 PM | Thursday: 4:00 – 10:00 PM | Friday: 4:00 – 11:00 PM | Saturday: 12:00 – 11:00 PM | Sunday: 11:00 AM – 8:00 PM,4.5,461,PRICE_LEVEL_MODERATE,Manual,2026-04-19,32.7611663,-117.1460068
Monkey Bar,"500 Hotel Cir N, San Diego, CA 92108, USA",+1 619-908-5058,https://www.towncountry.com/dine/monkey-bar,Monday: 4 - 6 pm | Tuesday: 4 - 6 pm | Wednesday: 4 - 6 pm | Thursday: 4 - 6 pm | Friday: 5:00PM-8:00PM | Saturday: 5:00PM-8:00PM | Sunday: 4 - 6 pm,Monday: 3:00 – 11:00 PM | Tuesday: 3:00 – 11:00 PM | Wednesday: 12:00 – 11:00 PM | Thursday: 12:00 – 11:00 PM | Friday: 12:00 – 11:00 PM | Saturday: 12:00 – 11:00 PM | Sunday: 3:00 – 11:00 PM,4.6,66,,google_maps_api+website_ai,2026-04-19,32.7633058,-117.1676433
Whiskers & Wine Cat Cafe,"2856 Adams Ave, San Diego, CA 92116, USA",+1 619-837-2325,http://www.whiskersandwinebar.com/,,Monday: Closed | Tuesday: 4:00 – 8:15 PM | Wednesday: 4:00 – 8:15 PM | Thursday: 4:00 – 8:15 PM | Friday: 4:00 – 9:45 PM | Saturday: 10:00 AM – 9:45 PM | Sunday: 10:00 AM – 6:45 PM,4.9,422,,google_maps_api_v1,2026-04-19,32.7630047,-117.1323052
Working Class,"4095 30th St, San Diego, CA 92104, USA",+1 619-642-0114,http://www.workingclasssd.com/,Monday: 3:00 – 6:00 PM | Tuesday: 3:00 – 6:00 PM | Wednesday: 3:00 – 6:00 PM | Thursday: 3:00 – 6:00 PM | Friday: 3:00 – 6:00 PM | Saturday: Closed | Sunday: Closed,Monday: 9:00 AM – 10:00 PM | Tuesday: 9:00 AM – 10:00 PM | Wednesday: 9:00 AM – 10:00 PM | Thursday: 9:00 AM – 10:00 PM | Friday: 9:00 AM – 10:00 PM | Saturday: 9:00 AM – 10:00 PM | Sunday: 9:00 AM – 9:00 PM,4.5,861,PRICE_LEVEL_MODERATE,google_maps_api_v1,2026-04-19,32.752063,-117.1299853
Yard House,"1640 Camino Del Rio N Space 157, San Diego, CA 92108, USA",+1 619-574-0468,https://www.yardhouse.com/locations/ca/san-diego/san-diego-mission-valley-mall/8363?cmpid=br:yh_ag:ie_ch:loc_ca:YHGMB_sn:gmb_gt:san-diego-ca-8363_pl:locurl_rd:1059,"Monday: 3:00 – 6:00 PM, 10:00 – 11:00 PM | Tuesday: 3:00 – 6:00 PM, 10:00 – 11:00 PM | Wednesday: 3:00 – 6:00 PM, 10:00 – 11:00 PM | Thursday: 3:00 – 6:00 PM, 10:00 – 11:00 PM | Friday: 3:00 – 6:00 PM | Saturday: Closed | Sunday: 10:00 – 11:00 PM",Monday: 11:00 AM – 11:00 PM | Tuesday: 11:00 AM – 11:00 PM | Wednesday: 11:00 AM – 11:00 PM | Thursday: 11:00 AM – 11:00 PM | Friday: 11:00 AM – 11:30 PM | Saturday: 11:00 AM – 11:30 PM | Sunday: 11:00 AM – 11:00 PM,4.5,3698,PRICE_LEVEL_MODERATE,google_maps_api_v1,2026-04-19,32.7679319,-117.1487525
Blind Lady Ale House,"3416 Adams Ave, San Diego, CA 92116, USA",+1 619-255-2491,http://www.blindladyalehouse.com/,,Monday: 5:00 – 11:00 PM | Tuesday: Closed | Wednesday: 5:00 – 11:00 PM | Thursday: 5:00 – 11:00 PM | Friday: 3:00 PM – 12:00 AM | Saturday: 12:00 PM – 12:00 AM | Sunday: 12:00 – 11:00 PM,4.7,1464,PRICE_LEVEL_MODERATE,google_maps_api_v1,2026-04-19,32.7634973,-117.1202861
TapRoom Beer Company,"2000 El Cajon Blvd, San Diego, CA 92104, USA",+1 619-539-7738,http://www.taproombeerco.com/,Monday: 3pm-6pm | Tuesday: Closed | Wednesday: Closed | Thursday: Closed | Friday: 3pm-6pm | Saturday: Closed | Sunday: Closed,Monday: 11:00 AM – 11:00 PM | Tuesday: 11:00 AM – 11:00 PM | Wednesday: 11:00 AM – 11:00 PM | Thursday: 11:00 AM – 11:00 PM | Friday: 11:00 AM – 11:00 PM | Saturday: 10:00 AM – 11:00 PM | Sunday: 10:00 AM – 11:00 PM,4.6,712,PRICE_LEVEL_MODERATE,google_maps_api+website_ai,2026-04-19,32.7555168,-117.1435663
Sycamore Den,"3391 Adams Ave, San Diego, CA 92116, USA",+1 619-259-0045,http://www.sycamoreden.com/,Monday: 5-7pm | Tuesday: Closed | Wednesday: 5-7pm | Thursday: 5-7pm | Friday: 2-7pm | Saturday: 2-7pm | Sunday: 2-7pm,Monday: 5:00 PM – 2:00 AM | Tuesday: 5:00 PM – 2:00 AM | Wednesday: 5:00 PM – 2:00 AM | Thursday: 5:00 PM – 2:00 AM | Friday: 2:00 PM – 2:00 AM | Saturday: 2:00 PM – 2:00 AM | Sunday: 2:00 PM – 2:00 AM,4.4,390,PRICE_LEVEL_MODERATE,google_maps_api+website_ai,2026-04-19,32.76324170000001,-117.1208944
Bully's East Prime Bistro Sports Bar,"2401 Camino del Rio S, San Diego, CA 92108, USA",+1 619-291-2665,http://bullyseastsd.com/,,Monday: 11:00 AM – 9:00 PM | Tuesday: 11:00 AM – 9:00 PM | Wednesday: 11:00 AM – 9:00 PM | Thursday: 11:00 AM – 9:00 PM | Friday: 11:00 AM – 10:00 PM | Saturday: 9:00 AM – 10:00 PM | Sunday: 9:00 AM – 9:00 PM,4.3,1755,PRICE_LEVEL_MODERATE,google_maps_api_v1,2026-04-19,32.7676145,-117.1384803
The Ould Sod,"3373 Adams Ave, San Diego, CA 92116, USA",+1 619-284-6594,http://www.theouldsod.com/,Monday: 3:00 – 6:00 PM | Tuesday: 3:00 – 6:00 PM | Wednesday: 3:00 – 6:00 PM | Thursday: 3:00 – 6:00 PM | Friday: 3:00 – 6:00 PM | Saturday: 10:00 AM – 4:00 PM | Sunday: 10:00 AM – 4:00 PM,Monday: 2:00 PM – 2:00 AM | Tuesday: 2:00 PM – 2:00 AM | Wednesday: 2:00 PM – 2:00 AM | Thursday: 2:00 PM – 2:00 AM | Friday: 2:00 PM – 2:00 AM | Saturday: 10:00 AM – 2:00 AM | Sunday: 10:00 AM – 2:00 AM,4.6,666,PRICE_LEVEL_INEXPENSIVE,google_maps_api_v1,2026-04-19,32.763031,-117.121231
McGregor's Bar and Grill,"10475 San Diego Mission Rd, San Diego, CA 92108, USA",+1 619-282-9797,http://mcgregorssandiego.com/,Monday: 11:00 AM – 12:00 AM | Tuesday: 11:00 AM – 12:00 AM | Wednesday: 11:00 AM – 12:00 AM | Thursday: 11:00 AM – 12:00 AM | Friday: 11:00 AM – 2:00 AM | Saturday: 9:00 AM – 2:00 AM | Sunday: 9:00 AM – 12:00 AM,Monday: 11:00 AM – 12:00 AM | Tuesday: 11:00 AM – 12:00 AM | Wednesday: 11:00 AM – 12:00 AM | Thursday: 11:00 AM – 12:00 AM | Friday: 11:00 AM – 2:00 AM | Saturday: 11:00 AM – 2:00 AM | Sunday: 11:00 AM – 12:00 AM,4.4,1396,PRICE_LEVEL_MODERATE,google_maps_api_v1,2026-04-19,32.7844116,-117.1110242
Rosie O'Grady's,"3402 Adams Ave, San Diego, CA 92116, USA",+1 619-284-7666,http://rosieogradyssd.com/,,Monday: 11:00 AM – 2:00 AM | Tuesday: 11:00 AM – 2:00 AM | Wednesday: 11:00 AM – 2:00 AM | Thursday: 11:00 AM – 2:00 AM | Friday: 11:00 AM – 2:00 AM | Saturday: 11:00 AM – 2:00 AM | Sunday: 10:00 AM – 2:00 AM,4.4,460,PRICE_LEVEL_INEXPENSIVE,google_maps_api_v1,2026-04-19,32.7635404,-117.1205389
Hanna's Gourmet,"2864 Adams Ave, San Diego, CA 92116, USA",+1 619-280-5600,http://www.hannasgourmetsd.com/,,Monday: Closed | Tuesday: Closed | Wednesday: Closed | Thursday: Closed | Friday: Closed | Saturday: Closed | Sunday: 8:00 AM – 3:00 PM,4.8,395,PRICE_LEVEL_MODERATE,google_maps_api_v1,2026-04-19,32.7631478,-117.1321423
The Duke Cocktails & Grub,"6519 Mission Gorge Rd, San Diego, CA 92120, USA",+1 619-283-0831,https://www.thedukesd.com/,,Monday: 11:00 AM – 10:00 PM | Tuesday: 11:00 AM – 10:00 PM | Wednesday: 11:00 AM – 10:00 PM | Thursday: 11:00 AM – 10:00 PM | Friday: 11:00 AM – 11:00 PM | Saturday: 11:00 AM – 11:00 PM | Sunday: 11:00 AM – 9:00 PM,4.6,50,,google_maps_api_v1,2026-04-19,32.7916463,-117.096577
West Coast Tavern,"2895 University Ave, San Diego, CA 92104, USA",+1 619-543-0113,https://www.westcoasttavern.com/,,Monday: Closed | Tuesday: Closed | Wednesday: Closed | Thursday: 5:00 – 11:00 PM | Friday: 5:00 – 11:00 PM | Saturday: 10:00 AM – 11:00 PM | Sunday: 10:00 AM – 9:00 PM,4.2,527,PRICE_LEVEL_MODERATE,google_maps_api_v1,2026-04-19,32.7482495,-117.1313998
Tommy Bahama Marlin Bar,"7007 Friars Rd #305, San Diego, CA 92108, USA",+1 619-541-6296,https://www.tommybahama.com/restaurants-and-marlin-bars/locations/san-diego,Monday: 3:00 – 5:00 PM | Tuesday: 3:00 – 5:00 PM | Wednesday: 3:00 – 5:00 PM | Thursday: 3:00 – 5:00 PM | Friday: 3:00 – 5:00 PM | Saturday: 3:00 – 5:00 PM | Sunday: 3:00 – 5:00 PM,Monday: 11:00 AM – 9:00 PM | Tuesday: 11:00 AM – 9:00 PM | Wednesday: 11:00 AM – 9:00 PM | Thursday: 11:00 AM – 9:00 PM | Friday: 11:00 AM – 9:00 PM | Saturday: 11:00 AM – 9:00 PM | Sunday: 11:00 AM – 8:00 PM,4.8,901,PRICE_LEVEL_EXPENSIVE,google_maps_api_v1,2026-04-19,32.7678019,-117.1670366
Park & Rec,"4612 Park Blvd, San Diego, CA 92116, USA",+1 619-795-9700,http://parkandrecsd.com/,Monday: 4:00 – 6:00 PM | Tuesday: 4:00 – 6:00 PM | Wednesday: 4:00 – 6:00 PM | Thursday: 4:00 – 6:00 PM | Friday: 4:00 – 6:00 PM | Saturday: Closed | Sunday: Closed,Monday: 4:00 – 10:00 PM | Tuesday: 4:00 – 10:00 PM | Wednesday: 4:00 – 11:00 PM | Thursday: 4:00 – 11:00 PM | Friday: 4:00 PM – 2:00 AM | Saturday: 3:00 PM – 2:00 AM | Sunday: 3:00 – 10:00 PM,4.5,815,PRICE_LEVEL_MODERATE,google_maps_api_v1,2026-04-19,32.761383,-117.1466219
Good News Bar,"3821 Park Blvd, San Diego, CA 92103, USA",,http://www.goodnewssd.com/,"<div class=""sqs-html-content"" data-sqsp-text-block-content><h4 style=""text-align:center;white-space:pre-wrap;"" data-rte-preserve-empty=""true""></h4><h4 style=""text-align:center;white-space:pre-wrap;""> ","Monday: Closed | Tuesday: 8:00 AM – 2:00 PM, 4:00 – 10:00 PM | Wednesday: 8:00 AM – 2:00 PM, 4:00 – 10:00 PM | Thursday: 8:00 AM – 2:00 PM, 4:00 – 10:00 PM | Friday: 8:00 AM – 2:00 PM, 4:00 – 11:00 PM | Saturday: 8:00 AM – 2:00 PM, 4:00 – 11:00 PM | Sunday: 8:00 AM – 2:00 PM, 4:00 – 10:00 PM",4.8,96,,google_maps_api+website_scraped,2026-04-19,32.7478658,-117.1460757
Part Time Lover,"3829 30th St, San Diego, CA 92104, USA",+1 619-932-4434,http://parttimeloverhifi.com/,,Monday: 4:00 PM – 2:00 AM | Tuesday: 4:00 PM – 2:00 AM | Wednesday: 4:00 PM – 2:00 AM | Thursday: 4:00 PM – 2:00 AM | Friday: 4:00 PM – 2:00 AM | Saturday: 4:00 PM – 2:00 AM | Sunday: 4:00 PM – 2:00 AM,4.5,503,PRICE_LEVEL_MODERATE,google_maps_api_v1,2026-04-19,32.7479768,-117.1299444
Wormwood,"4677 30th St, San Diego, CA 92116, USA",+1 619-915-6706,http://www.wormwoodsd.com/,,"Monday: Closed | Tuesday: Closed | Wednesday: 5:00 – 9:30 PM | Thursday: 5:00 – 9:30 PM | Friday: 5:00 – 10:00 PM | Saturday: 5:00 – 10:00 PM | Sunday: 10:00 AM – 2:00 PM, 5:00 – 9:30 PM",4.5,345,,google_maps_api_v1,2026-04-19,32.7624737,-117.1299911
Crafted Coupe,"3933 30th St Suite 2, San Diego, CA 92104, USA",+1 619-572-4001,,,Monday: 5:00 PM – 2:00 AM | Tuesday: Closed | Wednesday: 5:00 PM – 2:00 AM | Thursday: 5:00 PM – 2:00 AM | Friday: 5:00 PM – 2:00 AM | Saturday: 5:00 PM – 2:00 AM | Sunday: 5:00 PM – 2:00 AM,4.6,79,,google_maps_api_v1,2026-04-19,32.7492063,-117.1297383
The Seventh House Speakeasy,"2835 University Ave, San Diego, CA 92104, USA",+1 619-310-5614,https://www.seventhhousesandiego.com/,,Monday: Closed | Tuesday: Closed | Wednesday: 6:00 PM – 12:00 AM | Thursday: 6:00 PM – 12:00 AM | Friday: 6:00 PM – 12:00 AM | Saturday: 6:00 PM – 12:00 AM | Sunday: Closed,4.1,234,,google_maps_api_v1,2026-04-19,32.7481009,-117.1326926
Botanica Art & Cocktail Bar,"3139 University Ave, San Diego, CA 92104, USA",+1 619-310-6370,http://botanicabarsd.com/,Monday: Closed | Tuesday: 5:00 – 9:30 PM | Wednesday: 5:00 – 7:00 PM | Thursday: 5:00 – 7:00 PM | Friday: Closed | Saturday: Closed | Sunday: Closed,Monday: Closed | Tuesday: 5:00 – 10:00 PM | Wednesday: 5:00 – 10:00 PM | Thursday: 5:00 – 10:00 PM | Friday: 5:00 PM – 12:00 AM | Saturday: 5:00 PM – 12:00 AM | Sunday: 5:00 – 10:00 PM,4.4,167,,google_maps_api_v1,2026-04-19,,
619 Spirits North Park,"3015 Lincoln Ave, San Diego, CA 92104, USA",+1 619-269-2757,https://www.619spirits.com/,Monday: 3:00 – 6:00 PM | Tuesday: 3:00 – 6:00 PM | Wednesday: 3:00 – 6:00 PM | Thursday: 3:00 – 6:00 PM | Friday: 3:00 – 6:00 PM | Saturday: 3:00 – 6:00 PM | Sunday: 3:00 – 6:00 PM,Monday: 12:00 – 10:00 PM | Tuesday: 12:00 – 10:00 PM | Wednesday: 12:00 – 10:00 PM | Thursday: 12:00 – 10:00 PM | Friday: 12:00 PM – 1:00 AM | Saturday: 11:00 AM – 1:00 AM | Sunday: 11:00 AM – 9:00 PM,4.4,295,PRICE_LEVEL_MODERATE,google_maps_api_v1,2026-04-19,,
insideOUT,"1642 University Ave, San Diego, CA 92103, USA",+1 619-888-8623,http://insideoutsd.com/,</div><br/><div>happy hour</div><div>tuesday - friday 4pm - 6pm</div><br/><div>dinner</div><div>monday: closed</div><br/><div>tuesday - thursday:,Monday: Closed | Tuesday: 4:00 – 10:30 PM | Wednesday: 4:00 – 10:30 PM | Thursday: 4:00 – 10:30 PM | Friday: 4:00 PM – 12:00 AM | Saturday: 10:00 AM – 12:00 AM | Sunday: 10:00 AM – 5:00 PM,4.5,1670,PRICE_LEVEL_MODERATE,google_maps_api+website_scraped,2026-04-19,,
AWOL,"1475 University Ave #1469, San Diego, CA 92103, USA",+1 619-551-1418,,Monday: Closed | Tuesday: 4:00 – 9:00 PM | Wednesday: 4:00 – 7:00 PM | Thursday: 4:00 – 7:00 PM | Friday: 8:00 – 10:00 PM | Saturday: Closed | Sunday: Closed,Monday: Closed | Tuesday: Closed | Wednesday: Closed | Thursday: 4:00 – 11:00 PM | Friday: 4:00 PM – 1:00 AM | Saturday: 10:00 AM – 1:00 AM | Sunday: 10:00 AM – 8:00 PM,4.9,60,,google_maps_api_v1,2026-04-19,32.7481782,-117.149608
The Glampisphere @ The Air Conditioned Lounge,"4673 30th St Patio G, San Diego, CA 92116, USA",+1 619-501-9831,http://www.glampisphere.space/,,Monday: 12:00 AM – 10:00 PM | Tuesday: 10:00 AM – 10:00 PM | Wednesday: 10:00 AM – 10:00 PM | Thursday: 10:00 AM – 10:00 PM | Friday: 10:00 AM – 10:00 PM | Saturday: 10:00 AM – 10:00 PM | Sunday: 10:00 AM – 12:00 AM,4.9,14,,google_maps_api_v1,2026-04-19,32.7623663,-117.1300141
Hopnonymous Brewing - Normal Heights,"3514 Adams Ave, San Diego, CA 92116, USA",+1 619-847-4628,https://hopnonymousbrewing.com/locations/adams-ave/,"com/events/happy-hour-1pm-4pm/"" target=""_self"" rel=""noopener"">monday happy hour</a></h4>",Monday: 3:00 – 9:00 PM | Tuesday: 1:00 – 9:00 PM | Wednesday: 1:00 – 9:00 PM | Thursday: 1:00 – 9:00 PM | Friday: 12:00 – 10:00 PM | Saturday: 12:00 – 10:00 PM | Sunday: 12:00 – 7:00 PM,4.8,34,,google_maps_api+website_scraped,2026-04-19,32.7635164,-117.1169386
Pure Project North Park,"2867 El Cajon Blvd, San Diego, CA 92104, USA",+1 858-727-3450,https://www.purebrewing.org/location/north-park/,,Monday: 3:00 – 9:00 PM | Tuesday: 3:00 – 9:00 PM | Wednesday: 1:00 – 9:00 PM | Thursday: 1:00 – 10:00 PM | Friday: 1:00 – 10:00 PM | Saturday: 11:00 AM – 10:00 PM | Sunday: 11:00 AM – 9:00 PM,4.9,354,,google_maps_api_v1,2026-04-19,32.7549224,-117.1321746
Fall Brewing Company,"4542 30th St, San Diego, CA 92116, USA",+1 619-501-0903,https://www.fallbrewingcompany.com/,,Monday: 11:00 AM – 10:00 PM | Tuesday: 11:00 AM – 10:00 PM | Wednesday: 11:00 AM – 10:00 PM | Thursday: 11:00 AM – 10:00 PM | Friday: 11:00 AM – 12:00 AM | Saturday: 11:00 AM – 12:00 AM | Sunday: 11:00 AM – 10:00 PM,4.6,510,,google_maps_api_v1,2026-04-19,32.760023,-117.1304411
Fall Brewing Company South Park Taproom,"3010 Juniper St, San Diego, CA 92104, USA",+1 619-310-5101,http://www.fallbrewingcompany.com/,,Monday: 11:00 AM – 10:00 PM | Tuesday: 11:00 AM – 10:00 PM | Wednesday: 11:00 AM – 10:00 PM | Thursday: 11:00 AM – 10:00 PM | Friday: 11:00 AM – 12:00 AM | Saturday: 11:00 AM – 12:00 AM | Sunday: 11:00 AM – 10:00 PM,4.8,111,,google_maps_api_v1,2026-04-19,32.7298194,-117.1293666
Gravity Heights Mission Valley,"525 Camino De La Reina, San Diego, CA 92108, USA",+1 619-539-7833,https://www.gravityheights.com/,Monday: Closed | Tuesday: Closed | Wednesday: Closed | Thursday: Closed | Friday: 3:00 PM - 6:00 PM | Saturday: 3:00 PM - 6:00 PM | Sunday: 3:00 PM - 6:00 PM,Monday: 11:30 AM – 8:00 PM | Tuesday: 11:30 AM – 8:00 PM | Wednesday: 11:30 AM – 8:00 PM | Thursday: 11:30 AM – 8:00 PM | Friday: 11:30 AM – 8:30 PM | Saturday: 10:00 AM – 8:30 PM | Sunday: 10:00 AM – 8:00 PM,4.6,153,PRICE_LEVEL_MODERATE,google_maps_api+website_ai,2026-04-19,32.7662466,-117.1601168
North Park Beer Company - Bankers Hill,"3095 Fifth Ave, San Diego, CA 92103, USA",+1 619-230-5179,http://www.northparkbeerco.com/,,Monday: 11:00 AM – 10:00 PM | Tuesday: 11:00 AM – 10:00 PM | Wednesday: 11:00 AM – 10:00 PM | Thursday: 11:00 AM – 10:00 PM | Friday: 11:00 AM – 10:00 PM | Saturday: 11:00 AM – 10:00 PM | Sunday: 11:00 AM – 10:00 PM,4.6,319,PRICE_LEVEL_MODERATE,google_maps_api_v1,2026-04-19,32.7375582,-117.1602168
San Diego Brewing Company,"10450 Friars Rd, San Diego, CA 92120, USA",+1 619-284-2739,http://sandiegobrewing.com/,Monday: 11:00 AM – 10:00 PM | Tuesday: 3:00 – 5:00 PM | Wednesday: 3:00 – 5:00 PM | Thursday: 3:00 – 5:00 PM | Friday: 3:00 – 5:00 PM | Saturday: Closed | Sunday: Closed,Monday: 11:00 AM – 10:00 PM | Tuesday: 11:00 AM – 10:00 PM | Wednesday: 11:00 AM – 10:00 PM | Thursday: 11:00 AM – 10:00 PM | Friday: 11:00 AM – 11:00 PM | Saturday: 11:00 AM – 11:00 PM | Sunday: 11:00 AM – 10:00 PM,4.3,651,PRICE_LEVEL_MODERATE,google_maps_api_v1,2026-04-19,32.7922743,-117.098967
Mission Brewing - Kensington,"4067 Adams Ave, San Diego, CA 92116, USA",+1 619-546-9247,https://missionbrewery.com/kensington/,,Monday: 12:00 – 9:30 PM | Tuesday: 12:00 – 9:30 PM | Wednesday: 12:00 – 9:30 PM | Thursday: 12:00 – 9:30 PM | Friday: 12:00 – 10:30 PM | Saturday: 12:00 – 10:30 PM | Sunday: 12:00 – 9:30 PM,4.6,40,,google_maps_api_v1,2026-04-19,32.763021,-117.1079165
Barley & Sword Brewing Company,"3052 El Cajon Blvd Ste 102, San Diego, CA 92104, USA",+1 619-633-7832,http://www.barleyandsword.com/,,Monday: 2:00 – 8:00 PM | Tuesday: 2:00 – 8:00 PM | Wednesday: 2:00 – 9:00 PM | Thursday: 2:00 – 9:00 PM | Friday: 12:00 – 10:00 PM | Saturday: 12:00 – 10:00 PM | Sunday: 12:00 – 8:00 PM,5,122,,google_maps_api_v1,2026-04-19,32.7557666,-117.1287572
Poor House Brewing Company,"4494 30th St, San Diego, CA 92116, USA",+1 858-769-9070,http://www.poorhousebrew.com/,,Monday: 3:30 – 11:30 PM | Tuesday: 3:30 – 11:30 PM | Wednesday: 2:00 – 11:30 PM | Thursday: 12:00 PM – 12:00 AM | Friday: 12:00 PM – 2:00 AM | Saturday: 12:00 PM – 2:00 AM | Sunday: 12:00 PM – 12:00 AM,4.5,179,,google_maps_api_v1,2026-04-19,32.759017,-117.130411
Novo Brazil Brewing Mission Valley,"1640 Camino Del Rio N suite 341, San Diego, CA 92108, USA",+1 619-310-5387,https://www.novobrew.com/,Monday: 12:00 – 5:30 PM | Tuesday: 12:00 – 5:30 PM | Wednesday: 12:00 – 5:30 PM | Thursday: 12:00 – 5:30 PM | Friday: 12:00 – 5:30 PM | Saturday: Closed | Sunday: Closed,Monday: 12:00 – 10:00 PM | Tuesday: 12:00 – 10:00 PM | Wednesday: 12:00 – 10:00 PM | Thursday: 12:00 – 10:00 PM | Friday: 11:30 AM – 11:00 PM | Saturday: 11:30 AM – 11:00 PM | Sunday: 10:00 AM – 8:00 PM,4.3,288,PRICE_LEVEL_MODERATE,google_maps_api_v1,2026-04-19,32.76841,-117.146827
Seek Beer Co.,"3052 El Cajon Blvd suite C, San Diego, CA 92104, USA",,http://seekbeerco.com/,,Monday: 2:00 – 9:00 PM | Tuesday: 2:00 – 8:00 PM | Wednesday: 2:00 – 9:00 PM | Thursday: 2:00 – 8:00 PM | Friday: 12:00 – 10:00 PM | Saturday: 12:00 – 10:00 PM | Sunday: 12:00 – 8:00 PM,4.9,114,,google_maps_api_v1,2026-04-19,32.7558729,-117.1287797
Hillcrest Brewing Company Bar & Pizzeria,"1458 University Ave, San Diego, CA 92103, USA",+1 619-269-4323,http://hillcrestbrewingcompany.com/,,Monday: 2:00 – 9:00 PM | Tuesday: 2:00 – 9:00 PM | Wednesday: 2:00 – 9:00 PM | Thursday: 2:00 – 9:00 PM | Friday: 2:00 – 10:00 PM | Saturday: 11:00 AM – 10:00 PM | Sunday: 10:00 AM – 8:00 PM,4.6,367,PRICE_LEVEL_MODERATE,google_maps_api_v1,2026-04-19,32.7490365,-117.1498417
Societe Brewing Company,"8262 Clairemont Mesa Blvd, San Diego, CA 92111, USA",+1 858-462-5985,http://www.societebrewing.com/,,Monday: 11:00 AM – 8:00 PM | Tuesday: 11:00 AM – 9:00 PM | Wednesday: 11:00 AM – 9:00 PM | Thursday: 11:00 AM – 9:00 PM | Friday: 11:00 AM – 9:00 PM | Saturday: 11:00 AM – 9:00 PM | Sunday: 11:00 AM – 8:00 PM,4.6,631,PRICE_LEVEL_INEXPENSIVE,google_maps_api_v1,2026-04-19,32.833882,-117.1463722
Pure Project Balboa Park,"2865 Fifth Ave, San Diego, CA 92103, USA",+1 619-323-2000,https://www.purebrewing.org/,,Monday: 3:00 – 9:00 PM | Tuesday: 3:00 – 9:00 PM | Wednesday: 1:00 – 9:00 PM | Thursday: 1:00 – 9:00 PM | Friday: 1:00 – 10:00 PM | Saturday: 11:00 AM – 10:00 PM | Sunday: 11:00 AM – 8:00 PM,4.8,592,,google_maps_api_v1,2026-04-19,32.7352389,-117.1600545
North Park Beer Company,"3038 University Ave, San Diego, CA 92104, USA",+1 619-255-2994,http://www.northparkbeerco.com/,,Monday: 12:00 – 10:00 PM | Tuesday: 12:00 – 10:00 PM | Wednesday: 12:00 – 10:00 PM | Thursday: 12:00 – 10:00 PM | Friday: 12:00 PM – 12:00 AM | Saturday: 12:00 PM – 12:00 AM | Sunday: 12:00 – 10:00 PM,4.5,606,PRICE_LEVEL_MODERATE,google_maps_api_v1,2026-04-19,32.748646,-117.1291489
BLAH Brewing,"3416 Adams Ave, San Diego, CA 92116, USA",+1 619-255-2491,http://www.blahbrewing.com/,,Monday: 5:00 – 11:00 PM | Tuesday: Closed | Wednesday: 5:00 – 11:00 PM | Thursday: 5:00 – 11:00 PM | Friday: 3:00 PM – 12:00 AM | Saturday: 12:00 PM – 12:00 AM | Sunday: 12:00 – 11:00 PM,4.9,15,,google_maps_api_v1,2026-04-19,32.763607,-117.1203464
Redwing Bar & Grill,"4012 30th St, San Diego, CA 92104, USA",+1 619-281-8700,http://www.redwingbar.com/,Monday: Closed | Tuesday: Closed | Wednesday: Closed | Thursday: 7:00 PM | Friday: 11:00 AM - 2:00 AM | Saturday: 11:00 AM - 2:00 AM | Sunday: 11:00 AM - 1:00 AM,Monday: 2:00 PM – 1:00 AM | Tuesday: 11:00 AM – 1:00 AM | Wednesday: 11:00 AM – 1:00 AM | Thursday: 11:00 AM – 1:00 AM | Friday: 11:00 AM – 2:00 AM | Saturday: 11:00 AM – 2:00 AM | Sunday: 11:00 AM – 1:00 AM,4.4,1168,PRICE_LEVEL_INEXPENSIVE,Website,2026-04-19,32.750652,-117.1304154
Cricket's Pub,"3339 El Cajon Blvd, San Diego, CA 92104, USA",+1 619-282-8277,https://cricketspub.simdif.com/,Monday: 6:00 – 9:00 PM | Tuesday: 6:00 – 9:00 PM | Wednesday: 4:00 – 7:00 PM | Thursday: 4:00 – 7:00 PM | Friday: 4:00 – 7:00 PM | Saturday: Closed | Sunday: 10:00 AM – 12:00 PM,Monday: 10:00 AM – 2:00 AM | Tuesday: 10:00 AM – 2:00 AM | Wednesday: 10:00 AM – 2:00 AM | Thursday: 10:00 AM – 2:00 AM | Friday: 10:00 AM – 2:00 AM | Saturday: 10:00 AM – 2:00 AM | Sunday: 10:00 AM – 2:00 AM,4.4,104,PRICE_LEVEL_INEXPENSIVE,google_maps_api_v1,2026-04-19,32.754993,-117.1215057
Shakespeare Pub,"3701 India St, San Diego, CA 92103, USA",+1 619-299-0230,http://www.shakespearepub.com/,,Monday: 10:30 AM – 11:00 PM | Tuesday: 10:30 AM – 11:00 PM | Wednesday: 10:30 AM – 11:00 PM | Thursday: 10:30 AM – 11:00 PM | Friday: 10:30 AM – 12:00 AM | Saturday: 8:00 AM – 12:00 AM | Sunday: 8:00 AM – 10:00 PM,4.6,2320,PRICE_LEVEL_MODERATE,google_maps_api_v1,2026-04-19,32.7426168,-117.1804507
