place_id,restaurant_name,cheapest_drink,cheapest_drink_price,cheapest_food,cheapest_food_price,menu_summary,menu_url
ChIJubb3CJT_24ARgT4M9ifLXDg,O'Brien's,select beers,6.0,sliders,8.0,"$6 beers, $8 cocktails, and $8 burgers/sliders.",https://obrienspub.net/menus/happy-hour
ChIJPTJ8EAD_24AR_deMVC9COQc,Hinotez Bar,Sake,6.0,Yakitori,3.0,"$3 Yakitori, $6 Sake, $8 Cocktails, $8 Burgers",https://sandiegoyakyudori.com/page/hinotez-bar/menus/happy-hour
ChIJNaLeSOv_24ARuBxQu2igcLs,Cross Street Chicken and Beer (Convoy-Kearny Mesa),Draft Beer,6.0,Fries,6.0,"$6 beers, $8 cocktails, $8 burgers and sliders",http://www.crossstreetcnb.com/menus/happy-hour
ChIJQdwYHpP_24ARJBqrpJdICww,Applebee's Grill + Bar,,,1/2 price appetizers,,1/2 price appetizers,
ChIJiyRJSdb_24AR9M7qe8dZGBs,Flama Llama,chicha morada,5.0,fried yucca,6.5,"maracuya margarita, yuzu mojito, lychee llama, chicha morada, sapporo, mojo pork fries, pork tacos, fried yucca, plátanos",
ChIJ1e-OzlGr3oARYTTjoW85evc,Ju-ichi,Sapporo,6.0,Edamame,5.0,"$5 edamame, $6 beers, $8 cocktails, $8 sushi",https://juichi11sd.com/happy-hour-%26-drink-menu
ChIJZTRct6n_24ARBA4yx-DWDl0,formoosa,"coke, diet coke, sprite",3.5,,,"Papaya Milk, peach oolong milk tea, mango jasmine iced tea, lychee lemonade, coke, diet coke, sprite",
ChIJrc3bQMD_24ARElM3R5EUc9U,Tajima Ramen Mercury,,,Miso Soup,3.0,"Miso Soup, Edamame, Chicken Katsu Bun, and Tajima Fries",
ChIJ9V5o78z_24ARyxe_u2aZr-I,Hidden Fish,Sake,6.0,Tuna Nigiri,8.0,"$6 sake, $8 tuna nigiri, $10 skewers",http://www.hiddenfishsushi.com
ChIJi9QEIpT_24ARPy1w8oeoFo0,Tajima Ramen Convoy,,,Edamame or Garlic Edamame,5.5,"Edamame, Cream Cheese Wontons, and Pork Gyoza",
ChIJ138BdZT_24ARptfid1oONzg,Min Sok Chon,BEER,6.0,FRIED CHICKEN WINGS,6.0,"$6 beers, $8 cocktails, $8 burgers and sliders",http://www.minsokchonsd.com/menu
ChIJeVHWL5X_24ARD1FleRYKF1c,Hinotez,Draft Beer,6.0,Chicken Karaage,6.0,"$6 beers, $6 chicken karaage, $8 cocktails, $8 sliders",https://sandiegoyakyudori.com/page/hinotez/menus/happy-hour
ChIJsYxS6TT_24ARglWgSVzTXI0,El Viejon Seafood,Beer,6.0,Burgers,8.0,"$6 beers, $8 cocktails, $8 burgers and sliders",http://elviejonseafood.com/specials
ChIJNzzLGZT_24ARBBci7G9Fgjg,Submarine Crab,,,Crab Rangoon,6.0,"$6 Crab Rangoon, $8 oysters, $10 seafood boil",https://submarinecrabsd.com
ChIJLxVlaJT_24ARA6njkx7bAgw,Jasmine Seafood Restaurant & Express,Domestic Beer,6.0,Spring Rolls,6.0,"$6 beers, $6 spring rolls, $8 cocktails, $8 sliders",http://jasmineseafood.com
ChIJKS7LLn3_24ARgLFoZSMvpwQ,Eastern Dynasty 粤品,Domestic Beer,6.0,Sliders,8.0,"$6 beers, $8 cocktails, $8 burgers and sliders",https://easterndynasty.site
ChIJ-8JNv-r_24ARznkkDswSYuw,Sushi Deli 3,sake,5.0,edamame,3.0,"$3 edamame, $5 sake, $6 rolls, and $7 appetizers",https://www.sushideliusa.com/menus/happy-hour
ChIJATNlIpT_24ARggrmC5f1HPE,Steamy Piggy,Beer,6.0,Burger,8.0,"$6 beers, $8 cocktails, burgers, and sliders.",http://steamypiggy.com
ChIJ2wYbD0n_24ARHbN5x_8-TaI,The Yasai: Plant-Based Japanese Experience,Sapporo,6.0,Edamame,5.0,"$5 edamame, $6 Sapporo, $8 cocktails, and $8 burgers.",https://www.yasaivegan.com/specials
ChIJXekYhob_24ARDwR-BE92_b4,Pho Nom,Beer,6.0,Sliders,8.0,"$6 beers, $8 cocktails, and $8 sliders",https://www.phonomsd.com/menu
ChIJWdMToJb_24ARA-m6CLomPjI,Cake De Partie,beer,6.0,sliders,8.0,"$6 beers, $8 cocktails, and sliders",http://www.cakedepartie.com
ChIJIccc-JP_24ARODZwqo11xNQ,Tasty Noodle House,Domestic Beer,6.0,Edamame,5.0,"$5 edamame, $6 beers, $8 cocktails, $8 sliders",https://www.tastynoodlehouse.us/san-diego
ChIJiZyktJb_24ARGvio1_6UEGI,spicy city,Draft Beer,6.0,Spicy City Fries,7.0,"$6 draft beer, $7 fries, $8 cocktails, $9 sliders",https://www.spicycitysd.com
ChIJK58Y05X_24AR45C19reFVHQ,Thang Thang,Soju,5.0,Tteokbokki,6.0,"$5 Soju, $6 Tteokbokki, $8 Kimchi Fried Rice",https://thangthanggo.site
ChIJ_ZIxel__24ARoNbuSKU02yw,Moobongri Soondae (무봉리 순대국 샌디에고),,,Soondae,12.99,"Soondae, Sundae Guk, and more.",https://moobongri.com/moobongri-soondae-hotpot
ChIJ_evRl5b_24AR5SjqZIn2jfM,China Max Dumpling House,Domestic Beer,6.0,Pork Belly Sliders,8.0,"$6 beers, $8 cocktails, sliders, and dumplings",https://chinamaxdumplinghouse.site
ChIJRQGLXQD_24ARB1aODP2b-G8,ZHENGXIN Chicken Steak,Beer,6.0,Burger,8.0,"$6 beers, $8 cocktails, $8 burgers and sliders",http://www.zhengxinchickensteak.com
ChIJCX3vHuv_24ARc9wy0S0W8u4,Liuyishou Hot Pot (San Diego),Domestic Beer,6.0,Sliders,8.0,"$6 beers, $8 cocktails, $8 burgers and sliders",https://www.liuyishouna.com/sandiego/menus/happy-hour
ChIJXXigW3r_24ARKD0CuU4JtYQ,Gaslamp Bartending School,Beer,6.0,Sliders,8.0,"$6 beers, $8 cocktails, and $8 burgers/sliders",http://www.gaslampbartendingschool.com
ChIJq9t0DMD_24AR7w-elpLB7yc,Tokyo Central San Diego,Sapporo,6.0,Edamame,4.0,"$4 Edamame, $6 Sapporo, $8 cocktails, burgers, and sliders.",http://tokyocentral.com/happyhour
ChIJByc7B5f_24ARZmJHKNPNJuk,Common Theory,beer,6.0,sliders,8.0,"$6 beers, $8 cocktails, and $8 sliders",https://commontheorysd.com
ChIJH4kc7OD_24ARC4FtA0cUVug,Realm Of The 52 Remedies,Beer,6.0,Sliders,8.0,"$6 beers, $8 cocktails, and $8 sliders.",https://52remedies.com/menu
ChIJm_JdDdX_24ARrxXlze9q_Wc,Forbidden Cove,Domestic Beer,6.0,Sliders,8.0,"$6 beers, $8 cocktails, sliders, and burgers",https://forbiddencovesd.com
ChIJmcBttjT_24ARaRTgfrdtDs8,Hopnonymous Brewing Company,Domestic Draft,6.0,Sliders,8.0,"$6 beers, $8 cocktails, $8 burgers and sliders",https://hopnonymousbrewing.com/menus/happy-hour
ChIJqby0b5f_24ARKwHUcX38S9I,Yakyudori,Draft Beer,6.0,Yakitori Skewers,4.0,"$4 skewers, $6 draft beer, $8 cocktails and sliders",https://sandiegoyakyudori.com/page/yakyudori/menus/happy-hour
ChIJxfzHLZr_24ARBBf_TW0iiWw,Kilowatt Brewing Kearny Mesa,pint upgrade to 32oz pitcher,3.0,50% off all food,,"50% off food, pint upgrade to pitcher +$3",http://kilowatt.beer/menus/happy-hour
ChIJ7RQ9dJf_24AREi4-hs2Us3Q,0 Zone Billiard Cafe,Domestic Draft,5.0,Fries,6.0,"$5 drafts, $8 cocktails, $8 burgers, sliders, and fries",https://o-zone-billiard-cafe.cafes-city.com/menus/happy-hour
ChIJv4I7sKL_24AR371fe28eQ3E,Crab Town,Bottled Beers,5.0,Cajun Fries,6.0,"Calamari, Cajun Fries, Oysters, Hot Wings, and Draft Beer Pints",http://www.crabtownlove.com/menu
ChIJk43kpZv_24AR-HiUDbdap6A,Yakitori Hino,Sake,5.0,Yakitori,3.0,"$3 yakitori, $5 sake, $6 beer, $7 wine",https://sandiegoyakyudori.com/page/hino/menus/happy-hour
ChIJP287sKL_24ARkqC2IbRklMY,Brother’s Mexican Food 3,Domestic Beer,6.0,Tacos,6.0,"$6 beers, $6 tacos, $8 cocktails, and $8 burgers",http://brothersmexicanfood3ca.com
ChIJqYVYYwD_24ARfFewcS54cbc,Eat Crispy Burger Convoy,Domestic Beer,6.0,Sliders,8.0,"$6 beers, $8 cocktails, $8 burgers and sliders",https://eatcrispyburger.com/menus/happy-hour
ChIJLQGaApf_24ARcbQVJPBdZls,Wendy's,Frosty,1.99,Cheeseburger,1.99,"$2 Frosty, $2 Cheeseburger, $3 drinks, $5 appetizers",https://locations.wendys.com/united-states/ca/san-diego/4770-convoy-st
ChIJsbIXU5r_24ARtRU8fFZmFQg,Sieu Sieu BBQ Noodle House （小小燒臘）,Beer,6.0,Sliders,8.0,"$6 beers, $8 cocktails, and $8 sliders",https://sieusieubbqgo.site
ChIJl3Czwlb_24ARiqzsZSLxVFA,Lucy Mae’s Kitchen,,,Mac and Cheese,6.0,"$9 wings, $13 crabcakes, and $6 mac and cheese",https://www.lucymaeskitchen.com
ChIJLQuYo6L_24AR-LwXXWokLow,Spicy Noodle,Domestic Beer,6.0,Sliders,8.0,"$6 beers, $8 cocktails, $8 burgers and sliders",https://www.spicynoodlesd.com
ChIJFRJCqYj_24ARQGjyvJAbAeM,KOLI Bar,,,Shogun,13.0,"$13 Shogun, $18 Peanut Butter Jelly",https://ko-li.com/menus/happy-hour
ChIJl9vQL73_24AR86L0fTUPyrM,Bullpen,Domestic Drafts,3.0,Chips & Salsa,4.0,"$3 drafts, $4 chips & salsa, $5 well drinks, $6 apps",http://www.bullpenbar.com/menus
ChIJFXvWk7__24AR42eHV64RV0w,Players Sports Grill,Domestic Bottles,4.0,Chips & Salsa,5.0,"$4 bottles, $5 chips, $6 wings, and $7 burgers.",http://kearnymesa.playerssportsbar.com/specials
ChIJBRGLOqP_24ARDeKsNGwQGBI,Societe Brewing Company,House Beer,6.0,Sliders,8.0,"$6 beers, $8 cocktails, and $8 sliders",http://www.societebrewing.com/menus/happy-hour
ChIJgaPNM7r_24ARCehz_8fLm1o,The Butcher Shop,Old Fashioned,12.0,Steak Bites,14.0,"$12 Old Fashioned, $14 Steak Bites, $16 Prime Rib Dip",https://www.butchershopsandiego.com/happy-hour
ChIJ8yL6J73_24AR-7VXaycNji8,Menya Ultra,Draft Beer,6.0,Chicken Karaage,7.0,"$6 draft beer, $7 chicken karaage, $8 sliders",http://menya-ultra.com/menu
ChIJYzGBNb3_24ARtFekATQCO6c,Cheetahs Gentleman’s Club,Domestic Beer,6.0,Sliders,8.0,"$6 beers, $8 cocktails, $8 burgers and sliders",https://www.cheetahssd.com
ChIJW84OLfRU2YARtVqmtgsNrlg,Pretzels & Pints,$6 pint,6.0,"$6 pint with any pretzel, pizza or sandwich purchase",6.0,"$6 pint with pretzel, pizza or sandwich",https://www.pretzelsandpints.com/san-diego-north-park-pretzels-and-pints-happy-hours-specials
ChIJbRM9Fv1V2YAR6WTF9CmnJTM,The Seventh House Speakeasy,House Beer,6.0,Sliders,8.0,"$6 beers, $8 cocktails, $8 burgers and sliders",https://www.seventhhousesandiego.com
ChIJjYxt8NxV2YAR_8QG42S-xS8,Rumi,Pilsner,7.0,,,"$7 Pilsner, $10 IPA, $10 Cider",https://rumiwinebar.com/menu
ChIJU_k2fvZU2YARojV8KwSLaLM,Bottlecraft North Park,Pilsner,6.0,Burger,8.0,"$6 beers, $8 cocktails, $8 burgers and sliders",https://bottlecraft.com/locations/north-park-beer-shop
ChIJp8PDJqlV2YARnRMoXCzG2RA,Bodega Rosette,Beer,6.0,Sliders,8.0,"$6 beers, $8 cocktails, and $8 sliders",http://www.bodegarosette.com
ChIJSVvIefZU2YARAxir2F-hgc4,Fatboy's Deli & Spirits,Domestic Draft,4.0,Chips & Salsa,5.0,"$4 drafts, $5 chips, $6 sliders, and $7 cocktails",https://fatboysdeli.com/fatboys-special
ChIJ_xSkc-tV2YAR_Xl_GHY_qJw,Eau Vodka,House Beer,6.0,Sliders,8.0,"$6 beers, $8 cocktails, sliders, and burgers",https://www.eauvodka.com
ChIJ2f_kAWJV2YARKp27JTeE2aI,Mabel's Gone Fishing,Pilsner,8.0,Olives,8.0,"$8 olives, $8 pilsner, $8 cocktails, $8 oysters",https://www.mabelsgonefishing.com
ChIJk0qO84lT2YAR4qqKUIe1tCA,Shank & Bône,Beers,6.0,Sliders,8.0,"$6 beers, $8 cocktails, and $8 sliders",http://www.shankandbone.com/menu
ChIJQ7EWPhhV2YARpcBVOT5KKy4,Oishi Sushi on Blvd,Sapporo,6.0,Chicken Wings,8.0,"$6 Sapporo, $8 cocktails, $8 wings, and $8 sliders",https://www.oishisushisd.com/specials
ChIJo2rLk_ZU2YARztPCQqhLzu0,Riki Sushi,beer,6.0,burger,8.0,"$6 beers, $8 cocktails, $8 burgers and sliders",http://www.rikisushisd.com/specialty-rolls.html
ChIJly8uf_ZU2YAR3KHFgv_DJwc,Street Side Thai Kitchen,Beer,6.0,Burger,8.0,"$6 beers, $8 cocktails, $8 burgers and sliders",http://www.streetsidethaikitchensd.com/menu
ChIJi39fhflU2YARL1xUYuN7RUQ,Ray's Mexican Restaurant,Margarita,5.0,Tacos,6.0,"$5 Margaritas, $6 Tacos, $7 Nachos, $8 Burritos",https://www.eatraysmexican.com/menus/happy-hour
ChIJKQhePyNV2YAROjdgJHsV_rc,El Tianguis Rolled Taquitos,Domestic Beer,6.0,Taquitos,8.0,"$6 beers, $8 cocktails, $8 taquitos and sliders",https://www.bestrolledtacos.com/menu
ChIJua6AffZU2YAREXXET49pD8g,City Tacos,Mexican Beer,2.5,,,10% off all food and $2.50 Mexican beer,
ChIJJ8P8BzdV2YARZ51vRFEso0E,Tacotarian San Diego,House Margarita,6.0,Chips & Salsa,4.0,"$4 chips, $6 margaritas, $8 tacos, and $9 nachos",https://eattacotarian.com
ChIJI8LCuftU2YARKHbEZ7dlchI,Roberto's Taco Shop,Domestic Beer,3.5,Bean & Cheese Burrito,3.5,"$3.50 beers, burritos, and tacos",http://www.robertostacoshop.com/home/menu
ChIJ125zYwBV2YAR2oq-gr-Zam4,Little Sisters Pizza,select beers,5.0,all appetizers,,"$2 off appetizers, $5 select beers, and $6 house wine",
ChIJ_UtOQfFU2YARb0kaR6c3wMI,The Mission,House Margarita,8.0,Chips and Salsa,5.0,"$5 chips and salsa, $8 margaritas, burgers, and sliders",http://www.themissionsd.com/san-diego-crown-point-the-mission-cafe-mission-beach-happy-hours-specials
ChIJgyQ8ZHdV2YARtS4RVVpxTdE,Juicy Burgers,Domestic Beer,6.0,Sliders,8.0,"$6 beers, $8 cocktails, burgers and sliders",http://www.juicyburgersorder.com/menus/happy-hour
ChIJl7rPS7lV2YAReNyKov-1KkE,Pizza On Pearl North Park,Domestic Beer,6.0,Sliders,8.0,"$6 beers, $8 cocktails, $8 burgers and sliders",https://www.pizzaonpearl.com/specials
ChIJOST5SfRU2YARxf4H_-PMlak,Mr. Moto Pizza North Park,Draft Beer,6.0,Garlic Knots,6.0,"$6 beers, $8 cocktails, $8 burgers and sliders",https://mrmotopizza.com/menu
ChIJi39fhflU2YAR4PowuFqCZy0,City Dragon,Domestic Beer,6.0,Spring Rolls,7.0,"$6 beers, $7 spring rolls, $8 cocktails and sliders",https://www.citydragonnp.com
ChIJF3C045pV2YARvSP2lWBC1Rg,La Costa Fusión Cuisine,$3 Mimosas,3.0,$3 Street Tacos,3.0,"$3 Street Tacos, $3 Mimosas, $5 Beer, $8 Wine or Sangria, $25 Ribeye",
ChIJv7wrufZV2YARQa87C11mSHA,Señor Mangos,Beer,6.0,Sliders,8.0,"$6 beers, $8 cocktails, and $8 burgers/sliders.",http://www.senormangos.com/menu
ChIJw18BeflU2YAR5jUR3lZzJ4Y,Awash Ethiopian Restaurant,Beer,6.0,Burgers,8.0,"$6 beers, $8 cocktails, $8 burgers and sliders",https://www.awashethiopiansandiego.com/menu/happy-hour
ChIJeU3CPF9U2YARd1cIVDidjak,Barons Market North Park,Draft Beer,6.0,Sliders,8.0,"$6 beers, $8 cocktails, burgers, and sliders",http://www.baronsmarket.com/bar
ChIJ-Wu4-mlV2YARu3hqYuMHkek,The Glampisphere @ The Air Conditioned Lounge,Domestic Beer,6.0,Sliders,8.0,"$6 beers, $8 cocktails, and $8 sliders",http://www.glampisphere.space
ChIJaft_FlVU2YARMW5PfWJKoIc,Mauricio's #1 Mexican food,Imported Beer,6.49,Cheeseburger,6.99,"$6 beers, $8 cocktails, $8 burgers and sliders",https://mauricios1mexicanfood.shop/menu
ChIJ_4hA8f5U2YARcQ8TbhN_MwY,The Friendly,,,Gyro Pizza slice,3.5,Gyro Pizza slice $3.50,
ChIJ-QSfV_5U2YARqNMPIaMF-Sw,Señor Mangos,Beers,6.0,Burgers,8.0,"$6 beers, $8 cocktails, and $8 burgers",http://www.senormangos.com/menu
ChIJ12y2iVRU2YARsgMTjaBWwkc,Heights Market,Domestic Beer,6.0,Fries,6.0,"$6 beers, $8 cocktails, $8 burgers and sliders.",http://heightsmarketca.com/menu/happy-hour
ChIJrbJh-jlV2YARNfFnYgSzEg4,Dragon Sushi,Domestic Beer,6.0,Spicy Tuna Roll,6.0,"$6 beers, $8 cocktails, $8 sliders and sushi",https://dragonsushica.com
ChIJF08b24RV2YARQ_J07dGL3tg,Bocas Del Sol. (MissShelly's Shack ),House Wine,6.0,Chips & Salsa,5.0,"$5 chips & salsa, $6 house wine, $8 cocktails, and $8 sliders",http://missshelly.com/menu/happy-hour
ChIJo31zfVRU2YARLahgXL_5cVI,The Rabbit Hole,$6 Draft Beers + House Wines,6.0,Half-Off Select Apps,,"$6 Draft Beers, House Wines, Select Specialty Cocktails, Premium Wells, Half-Off Select Apps",
ChIJ5RuLh1RU2YARU0Z7ptYW3lU,The Ould Sod,draft beers and well drinks,5.5,,,$5.50 draft beers and well drinks,
ChIJ_3zrMpRV2YARnbPq9qjUvAY,Brother's Mexican Restaurant,,,Cinnamon Chips,2.5,Cinnamon Chips $2.50,
ChIJCbP9gVNU2YARbiNHOy3rrJM,Blind Lady Ale House,$5 beers,5.0,,,$5 beers all night long,http://www.blindladyalehouse.com
ChIJDXiXr1NU2YAR7PnvCo0TCPc,Rolberto's Taco Shop,Domestic Beer,6.0,Nachos,8.0,"$6 beers, $8 nachos, $8 tacos, $8 burritos",https://www.orderrolbertos.com
ChIJ6RpvNv5U2YARpP0V6siFukE,Et Voilà! French Bistro,Boont daylight amber,7.0,Side of fries*,5.0,"Baguette et beurre, Beignet d’haricot vert, Side of fries*, Happy Beers, Happy Wines",
ChIJh9Xmxc5V2YARyhuqvoBeb_Q,Bosforo,Beer,6.0,Sliders,8.0,"$6 beers, $8 cocktails, and $8 sliders",https://bosforosd.com
ChIJ0dQIcgBV2YARHFY-LhjEj3c,The Hangout Restaurant and Bar,Bottle Beer,5.0,Wings,1.0,"$1 wings, $3 sliders, $5 bottled beer, $7 draft and cocktails",
ChIJkUmX77VV2YARbXCkYFXN8Jo,Nómade Tapas and Records,Beer,6.0,Sliders,8.0,"$6 beers, $8 cocktails, and $8 sliders",https://www.nomadetapasandrecords.com
ChIJG1CB45tV2YARYRy8W_dt9mM,Siamo Napoli Restaurant,House Wine,6.0,Margherita Pizza,10.0,"$6 house wine, $8 cocktails, $10 pizzas, and sliders",http://siamonapolisd.com
ChIJfSjPFBlU2YARfBJopkOtF8o,Filiberto's Mexican Food,Domestic Beer,6.0,Chips & Salsa,3.0,"$3 chips, $6 beers, $8 cocktails and sliders",https://filibertosmexicanfoodgo.twupro.com
ChIJR__aBv5U2YARhHPD4n-6a8o,Hanna's Gourmet,Domestic Beer,6.0,Sliders,8.0,"$6 beers, $8 cocktails, $8 burgers and sliders",http://www.hannasgourmetsd.com
ChIJe43oMvFV2YARfARkCY93cTE,CinKuni (Italian & Japanese Cuisine),ALL DRAFT BEER,5.0,EDEMAME,6.0,"$5 beers, $6 edamame, $8 gyoza, $9 caprese salad, $10 flatbreads",http://cinkuni.com/happyhourpromo
ChIJh8S241lU2YARE7UGKcstHw8,Venice Pizza House Since 1954,Beers,4.0,,,Beers starting at $4,
ChIJfVmcEvZU2YARAN4vjY7_21c,El Comal North Park,$5 Beers,5.0,,,"$5 Beers, $8 House Margarita, $8.00 Mojito, $16 Premium cocktails",https://elcomalsd.com/specials
ChIJJebIcvdU2YARQKG2_HNYRkc,Working Class,$5 Draft Beer,5.0,$2 off all Starters,,$5 Draft Beer and $2 off all Starters,
ChIJ6XzrwjNV2YARpGF0khihjoA,Hom Mali by The NoodBar,Beer,6.0,Sliders,8.0,"$6 beers, $8 cocktails, and $8 sliders",https://www.ordernoodbar.com/menu/happy-hour
ChIJt0mpZPVV2YARDBDP6J0GxbY,Thai Joint,SINGHA (THAILAND) IL2 OZ,5.0,Tamarind Wings,8.95,"$5 beers, $8 wings, and $8 spring rolls",
ChIJSY_P8FRU2YARTLg-tJbesas,Zia Gourmet Pizza,Domestic Beer,6.0,Garlic Knots,7.0,"$6 beers, $7 garlic knots, $8 cocktails and sliders",http://www.ziagourmetpizza.com
ChIJxcjJDtFV2YARx0QCwXo455I,Shrimp Heads,5 Beer Buckets,22.0,,,Beer buckets,https://www.shrimpheadssd.com/menu
ChIJMyOH5V1V2YAR3elQ1NXmZIY,SoCal Sushi,Draft Beer,6.0,Spicy Tuna Crispy Rice,8.0,"$6 beers, $8 cocktails, $8 sushi, and $8 sliders.",https://socalsushigo.site
ChIJhQ8TflRU2YARTX9qMycvFdg,Sycamore Den,Beer,6.0,Sliders,8.0,"$6 beers, $8 cocktails, burgers, and sliders",http://www.sycamoreden.com
ChIJl3jRgVNU2YARee9GTSg3rqo,Rosie O'Grady's,$5 Drafts,5.0,,,$5 Drafts and $7 Wells,
ChIJd38TSP5U2YAR65PaYubv1qU,AIR CONDITIONED Lounge,$7 Slushies,7.0,,,$7 slushies and shooters,
ChIJb-2n4vZU2YARfrNQ-IvQ81w,Redwing Bar & Grill,12oz PBR,3.0,1PD of WINGS,9.0,"$3 12oz PBR, $9 1PD of WINGS, $10 Smash Burger, $13 Burger & 12oz PBR",http://www.redwingbar.com/San-Diego-North-Park-Redwing-Bar-and-Grill-happy-hours-specials
ChIJieu5d_ZU2YAR_ob4AUfu8Mg,Seven Grand San Diego,House Whiskey,7.0,Whiskey Burger,12.0,"$7 whiskey, $12 burgers, $12 sliders, and $12 cocktails",https://www.sevengrandsd.com/menus/happy-hour
ChIJfzHlkvZU2YARnznOMLDe9Tc,The Office Bar,LIQUID DEATH MOUNTAIN WATER,4.0,,,"$3 off Signature Cocktails, $2 off Drafts & Wells, $1 off all the rest.",http://www.theofficebarsd.com/menu
ChIJz3zm4vVU2YAR-QquLKjgQNc,U-31,$4 Wells,4.0,,,$4 Wells,
ChIJcdzo915T2YARhtc7LFoI9GI,619 Spirits North Park,cocktails,6.19,select Apps,10.0,cocktails are $6.19 and $10 for select Apps and $2 off beers,
ChIJ_eT0k_ZU2YAR_Bpap6q7R3c,Coin-Op Game Room,Domestic Draft,6.0,Sliders,8.0,"$6 drafts, $8 cocktails, burgers, and sliders",https://coinopgameroom.com/specials
ChIJOxr29lRU2YARQfpWoZrNLk4,Cleopatra's Lounge,,,Happy Hour,18.0,Happy Hour $18.00,
ChIJWYCx25hV2YAR5uZftW76VPM,Fairplay,Domestic Beer,6.0,Fries,6.0,"$6 beers, $8 cocktails, $8 burgers and sliders",https://www.fairplaybar.com/menus/happy-hour
ChIJ9-RfjrNV2YARyQM9FXx2LBo,Botanica Art & Cocktail Bar,Beer,6.0,Burger,8.0,"$6 beers, $8 cocktails, burgers and sliders",http://botanicabarsd.com
ChIJ55Fnt_lU2YAR9vkXtkrpzcs,Belching Beaver Brewery North Park,$5 pints,5.0,,,$5 pints of select brews,
ChIJPzPupPZU2YARm5DzUnLr2Hw,West Coast Tavern,select beers,6.0,sliders,8.0,"$6 beers, $8 cocktails, $8 burgers and sliders",https://www.westcoasttavern.com/menus/happy-hour
ChIJUU9ar3ZV2YARJ0Xg7aJnq8A,Happy Medium,,,Crispy Mushroom Po'Boy,9.0,$9 food items,https://www.happymediumsd.com/happyhourmenu
ChIJcdlugvZU2YAR45YY8Oli-MI,Encontro North Park,$7 watermelon soju shots,7.0,$7 tapas,7.0,$7 tapas and $7 watermelon soju shots,
ChIJO-o0VsNV2YARGbv4OG4Dy34,Deckman's NORTH Park at 3131,select beers,6.0,sliders,8.0,"$6 beers, $8 cocktails, and $8 sliders",https://www.the3131.com/menus
ChIJUbbYDXVV2YARl-ZAVXdlGEk,Hopnonymous Brewing - Normal Heights,Pints,6.0,Burgers,8.0,"$6 pints, $8 cocktails, burgers and sliders",https://hopnonymousbrewing.com/events/happy-hour-1pm-4pm
ChIJc-4U6f5U2YARIsVvVBc0FSQ,Fall Brewing Company,select pints,6.0,sliders,8.0,"$6 pints, $8 cocktails, burgers, and sliders.",https://www.fallbrewingcompany.com/menus/happy-hour
ChIJeQdNEl9U2YARTKW93juD1nU,Panchita's Kitchen & Bakery,Modelo Especial,5.0,Quesadillas,8.0,"$5 beers, $8 quesadillas and chips",http://panchitasbakery.com/specials
ChIJq9D8flNU2YARROkzp8MMIXY,BLAH Brewing,House Beer,6.0,Pretzel Bites,7.0,"$6 beers, $7 pretzel bites, $8 cocktails and sliders",http://www.blahbrewing.com
ChIJrasVfPZU2YAROQzyPBQf9FE,North Park Beer Company,House Beer,6.0,Sliders,8.0,"$6 beers, $8 cocktails, $8 burgers and sliders",http://www.northparkbeerco.com
ChIJ9yn3rGBV2YARMtNPofR3XY4,Pure Project North Park,select beers,6.0,sliders,8.0,"$6 beers, $8 cocktails, $8 burgers and sliders",https://www.purebrewing.org/location/north-park/menus/happy-hour
ChIJXZDbSwBT2YARbetGEk3Gbxw,Bock,draft pints,2.0,,,"$2 off draft pints, $4 off liter steins, $10 off Kranz, $2 Bergs",
ChIJ0evc4IZU2YARUD_TPOQ1JKE,Station Tavern,,,BEER BRATS,8.0,"$6 beers, $8 cocktails, $8 burgers and sliders",
ChIJe2Ao-0lV2YARdjWWg2okxhs,Fernside,ROCKET FROM THE CRYPT,6.0,PARTY BURGERS,8.0,"$6 beers, $8 cocktails, burgers, sliders, and fries",
ChIJo3g7GotU2YAR0ew6fl4knLc,Modern Times Flavordome,select beers,6.0,sliders,8.0,"$6 beers, $8 cocktails, $8 burgers and sliders",https://moderntimes.pub/northpark/bar
ChIJNdOaPYtU2YAR0jOK-CT-3Gk,One Door North,The High Country,10.0,,,The High Country cocktail,
ChIJ9-z374ZU2YARK8hPYQyLYzM,The Rose Wine Bar,House Wine,7.0,Truffle Fries,8.0,"$7 house wine, $8 cocktails, $8 truffle fries and sliders",http://therosewinebar.com
ChIJIfAEdClT2YARz6RNAnuH9D0,Harland - South Park,Domestic Beer,6.0,Burger,8.0,"$6 beers, $8 cocktails, burgers, and sliders",https://harlandbeer.com
ChIJ6f8LQWpT2YARVYFmzW1F7Rk,Enoteca Buona Forchetta,Buona Forchetta Draft Beers,5.0,Calamari Half Portion,8.0,"Buona Forchetta Draft Beers $5, Calamari Half Portion $8",
ChIJ87hDL4tU2YAR48AcFXInFsE,Dunedin New Zealand Eats,Any Draft Beer,7.0,NZ Onion Dip,9.0,"$9 NZ Onion Dip, $10 Fish N' Chips, $7 Draft Beer and Cocktails",https://dunedinsd.com/menus/happy-hour
ChIJKUIgJoFU2YARvFLaxN0UZdc,The Bottle House,Domestic Draft,6.0,Sliders,8.0,"$6 drafts, $8 cocktails, burgers, and sliders.",https://www.thebottlehousesd.com
ChIJETldMH5T2YARzqDkgneFCCE,Buona Forchetta - South Park,Buona Forchetta Draft Beers,5.0,Calamari Half Portion,8.0,"Buona Forchetta Draft Beers $5, Calamari Half Portion $8",
ChIJtQzbSrpV2YARxhbmFwmlz38,Il Posto,,,Le Focaccine Farcite,8.0,"$8 focaccia, trio, polpette, and montanarine",https://ilpostosd.com/happy-hour
ChIJMYhU_IpU2YARcv34CveVMNM,Alexanders on 30th,Iced Tea,3.95,Alexanders Family Recipe,17.95,"$3.95 iced tea, $17.95 family recipe",http://www.alexanderson30th.com/menu
ChIJtW6l3oBU2YARwWHYELFKgKY,Piacere Mio,beer,6.0,sliders,8.0,"$6 beers, $8 cocktails, and $8 sliders.",http://southpark.piaceremiosd.com/specials
ChIJSR-9fN9V2YARcR9QvNYUr3w,Cori Pastificio Trattoria,House Wine,7.0,Margherita Pizza,12.0,"$7 house wine, $12 pizzas, $14 pastas, $16 entrees",http://coripasta.com
ChIJI46i5PRU2YARoUOP6a98xA8,Bangkok Spices Thai Restaurant,Domestic Beer,6.0,Spring Rolls,6.0,"$6 beers, $6 spring rolls, $8 cocktails, $8 sliders",https://orderbangkokspicesthai.com
ChIJNQFQ30VV2YARYCIEj4WswcY,Shawarma Guys,Domestic Beer,6.0,Hummus,6.0,"$6 beers, $6 hummus, $8 cocktails, $8 burgers and sliders",http://www.theshawarmaguys.com/menu
ChIJAyRBJIFU2YARItanM7n46bs,Big Kitchen Café,Draft Beer,6.0,Fries,6.0,"$6 beers, $8 cocktails, $8 burgers and sliders",http://judysbigkitchen.com/menus/happy-hour
ChIJq4KT_IZU2YARuG1mJ5-KqyY,Whistle Stop Bar,Domestic Beer,6.0,Fries,6.0,"$6 beers, $8 cocktails, $8 burgers and sliders",https://whistlestopbar.com/event/friday-happy-hour-w-dj-shoeshine-37
ChIJuyASihhV2YARyqOOrelGzi8,Fall Brewing Company South Park Taproom,select pints,6.0,sliders,8.0,"$6 pints, $8 cocktails, burgers, and sliders",http://www.fallbrewingcompany.com/menus/happy-hour
ChIJSTDVAwZV2YARKDn3B-TvS20,Dave & Buster's San Diego,22 oz. select domestic draft beer,5.0,,,"$5 domestic draft beer, $6 Watermelon Rita, $7 glass of wine, $7 Moonshine LIT, $7 Dangerous Waters Island Punch, $8 Henny Straw",
ChIJEb6_rcJU2YARn1adGPE5ids,Baja Betty's,Margarita,6.0,Chips and Salsa,5.0,"$5 chips, $6 margaritas, $8 burgers and sliders",http://www.bajabettyssd.com/menus/happy-hour
ChIJkYHv-k82DG4R46Z4_hrSkco,Cork & Stem,House Wine,7.0,Cheese Board,12.0,"$7 house wine, $12 cheese board, $15 charcuterie",http://www.corkandstemsd.com/pages/event-florals
ChIJ0f63-2NV2YARt1SyzCn5CYA,Cellar Hand,Beer,5.0,House Potato Chips,8.0,"$10 Glass of Wine, $10 Spritz, $5 Beer, $8 Gildas, $8 Manchego",
ChIJ21rFzORU2YARW7Qlr0qcdQg,Négociant Winery,House Wine,7.0,Hummus,8.0,"$7 house wine, $8 hummus, $9 sliders, and $10 flatbread",http://www.negociantwinery.com/menu/happy-hour
ChIJ_RnuxtxU2YARLKMUE35y0Io,The Hub Nails Lounge,Domestic Beer,6.0,Sliders,8.0,"$6 beers, $8 cocktails, $8 burgers and sliders",http://thehubnailsloungesandiego.com
ChIJa9jXGuhU2YARnYyGIekDLtc,"FruitCraft - Winery, Distillery & Event Venue",,,CHIMICHURRI MEATBALLS,12.0,"$12 meatballs, $14 bruschetta, $14 charcuterie, $14 dips & crudite",https://fruitcraft.com/menu
ChIJ1TVO_dpU2YAR1qPomMu6xu8,Oscars Mexican Seafood,Domestic Beer,6.0,Chips & Salsa,5.0,"$5 chips, $6 beers, $8 cocktails, burgers, and sliders",http://oscarsmexicanseafood.com/menu
ChIJt_bxqcJU2YARyJW0mapNYog,Ichiban,Small Sake,4.0,,,"Small Sake $4, Small Beer $5, California Roll $5.50, Spicy Tuna $7",
ChIJ5w2GLj1V2YARfNSqm-jWzMg,Ramen Ryoma Hillcrest,Draft Beer,6.0,Edamame,4.0,"$4 edamame, $6 beers, $8 cocktails, and sliders",http://ramenryoma.net
ChIJqbE_KchV2YARTO4Oa7cLQQU,Nishiki Ramen,Sapporo,5.0,Gyoza,6.0,"$5 Sapporo, $6 Gyoza, $8 cocktails, $8 sliders",https://nishikiramen.com/specialities.html
ChIJl600T6RV2YAR1Ha9PFfMxc4,Tavola Nostra Pizzeria e Cucina,Draft Beers,4.5,Focaccia Bread w/ Pizza sauce,5.0,"Draft Beers $4.50, Focaccia Bread $5.00, Truffle Fries $5.00, Fried Zucchini Blossoms $5.00, Select Wines $6.00",https://tavolanostrapizzeria.com/menu/happy-hour
ChIJ__9L5OhU2YARdghSeG0jiTU,Rusticucina,beer,6.0,sliders,8.0,"$6 beers, $8 cocktails, $8 burgers and sliders",https://www.rusticucina.com
ChIJa4UrSN1U2YAR7Uj8QNt7Q-Y,"Cali ""O"" Burgers",Domestic Beer,4.0,Fries,4.0,"$4 fries, $4 domestic beer, $6 sliders, $8 cocktails",https://calioburgers.com/specials
ChIJd5rOsvNV2YARAbkxMt4JGVs,White Elephant Asian Kitchen,Beer,6.0,Edamame,6.0,"$6 beers, $8 cocktails, $8 burgers, sliders, and edamame",http://www.whiteelephantkitchen.com
ChIJtTchiNBU2YARyAGB1DCh6PI,Urban MO's Bar & Grill,12oz Bud Light Drafts,1.0,,,"$1 Bud Light Drafts, $10 mini pitchers",
ChIJqaV1UO1V2YAR_QfUD8y5sRM,Common Stock,$10 Martinis,10.0,$25 Steak Frites,25.0,"$25 Steak Frites, $10 Martinis, $25 Mimosa Kit",
ChIJNzHG5i9V2YAR_D-Or5iuCZo,Frenchy's Hideout,House Wine,6.0,Fries,6.0,"$6 fries, $6 house wine, $8 cocktails, $8 burgers",http://frenchyshideout.com/specials
ChIJwdJrt9pU2YARYuac9G61qQE,The Brass Rail,Beers,4.0,,,"$4 beers, $8 pitchers, and $6 wells",http://www.thebrassrailsd.com/menus/happy-hour
ChIJrwz7YNBU2YARWMCzlpa73a0,Ortega's A Mexican Bistro,tequilas,4.0,tacos,4.0,"$4 tacos, tequilas & margaritas",
ChIJ7efV89pU2YARffTCyUK1ovI,RAKITORI Japanese Pub&Grill,$4 Sapporo,4.0,,,$4 Sapporo and $5 House Sake,
ChIJd3uSM9FU2YARJVqC_aLjqdA,Sushi Deli 1,,,EDAMAME,3.25,"Edamame, Wings, California Egg Rolls, Crab Lagoons, Fried Calamari",http://www.sushideliusa.net/menus/happy-hour
ChIJx5kuXtpU2YARxSP6z_qqPVA,Sushi Roll Land - All You Can Eat,Draft Beer,6.0,Any Roll,8.0,"$6 draft beer, $8 rolls, $10 appetizers, and $12 cocktails.",https://sushirollland-sd.com/happy-hour
ChIJ8-T_rNZU2YARaahC9UICCJs,RK Sushi,Draft Beer,6.0,California Roll,6.0,"$6 beers, $8 cocktails, $8 sushi rolls and appetizers",https://rksushisd.com
ChIJKUzaItJV2YARusBMsd-YZfU,Los Panchos Tacos & Cantina,House Margarita,6.0,Quesadilla Supreme,10.0,"$6 Margaritas, $10 Quesadillas, $10 Tacos",http://www.lospanchostacosandcantina.com
ChIJ_VlLQQBV2YARNbe48ru2wbY,Crest Taco,Domestic Beer,6.0,Chips & Salsa,5.0,"$5 chips, $6 beers, $8 cocktails and sliders",https://www.cresttaco.com
ChIJifmDHxZV2YARK4NRLZkMW_w,Todo Pa’ La Cruda 3,,,3 SINGLE TACOS FOR $10.99,10.99,3 single tacos for $10.99,
ChIJ-0wElNpU2YARDDW4UyX3MJg,Parma Cucina Italiana,House Wine,6.0,Margherita Pizza,8.0,"$6 house wine, $8 cocktails, pizzas, and sliders",https://www.parmaitaliankitchen.com/san-diego-hillcrest-parma-cucina-italiana-specials-menu
ChIJH3MfJVVV2YARfmDP1-I4YKs,FurnSaj Bakery & Restaurant,Beer,6.0,Burger,8.0,"$6 beers, $8 cocktails, and $8 burgers",http://www.furnsaj.com/menus/happy-hour
ChIJcdxyI7ZV2YARyNIUaSjkSdI,The Halal Guys,,,Chicken and Gyro Combo,8.99,"$8.99 combos, $3.99 drinks, $5.99 appetizers",https://thehalalguys.com/locations/3825-fifth-avenue-sandiego
ChIJ7TBjgNBU2YAR9D8lvmExvpw,Bread & Cie,beer,6.0,sliders,8.0,"$6 beers, $8 cocktails, and $8 sliders",http://www.breadandcie.com
ChIJuQ4L2tBU2YARYG4MNuVuh34,Mediterranean Cafe,Domestic Beer,4.0,Hummus,5.0,"$4 beers, $5 hummus, $6 sliders, and $7 appetizers",http://medicafesd.com/specials
ChIJ-dUai9BU2YARW1V0efrFwiE,Taste of Denmark,draft beer,6.0,sliders,8.0,"$6 draft beer, $8 cocktails, burgers, and sliders",http://www.truetasteofdenmark.com
ChIJRcE4g9pU2YAR4HkzG6eQ0kI,Hong Kong Restaurant,Beer,6.0,Sliders,8.0,"$6 beers, $8 cocktails, and $8 sliders",https://hongkongsd.com
ChIJe3q1k9pU2YARu77hQxFjTK0,Tandoori Hut - Indian Restaurant and Catering Service,Domestic Beer,6.0,Samosa,7.0,"$6 beers, $7 samosas, $8 cocktails, and $9 appetizers",https://www.tandoorihutsd.com/menu
ChIJKyGFbNtU2YARsyOBwIDMcpI,Jack in the Box,Small Milkshake,2.0,Cheeseburger,1.99,"$2 milkshakes, $2 cheeseburgers, $3 tacos, and $4 fries.",https://locations.jackinthebox.com/us/ca/san-diego/804-university-ave?utm_source=google&utm_medium=local&utm_campaign=google-local/menus/happy-hour
ChIJ-evZ8eZU2YARMgRJtHJqjs0,Big Front Door,Beer,6.0,Burger,8.0,"$6 beers, $8 cocktails, and $8 burgers.",https://www.bfdsandiego.com/specials
ChIJc3-gn4lV2YARr3sg0c-3iv8,Rare Society,$5 beers,5.0,,,"$10 cocktails, $10 wines, and $5 beers",
ChIJUcI0Fn1V2YARuTr1fpHanGE,Origen,House Margarita,8.0,Chips & Salsa,5.0,"$5 chips, $8 margaritas, burgers, and sliders",https://www.origencocina.com
ChIJZw3le-dU2YAR1jqdNCWE4Is,Great Maple,Happy Hour Beer,6.0,Happy Hour Burger,8.0,"$6 beers, $8 cocktails, $8 burgers and sliders",http://thegreatmaple.com/menus
ChIJFXhq5NxU2YARhds2xryL47s,Maisa formerly Aladdin Hillcrest,beer,6.0,sliders,8.0,"$6 beers, $8 cocktails, and $8 sliders",http://www.maisahillcrest.com/menus/happy-hour
ChIJKXdex41V2YARHA1aUR3d45g,North Park Beer Company - Bankers Hill,select drafts,6.0,sliders,8.0,"$6 drafts, $8 cocktails, $8 burgers and sliders",http://www.northparkbeerco.com
ChIJEzLMwcVU2YAR27y28-etE7Y,Nunu's Tavern,Domestic Beer,6.0,Sliders,8.0,"$6 beers, $8 cocktails, $8 burgers and sliders",https://nunustavern.com/welcome/specialty-cocktails
ChIJdaYDelVV2YARVFeZWqAwmjg,Pure Project Balboa Park,select drafts,6.0,fries,6.0,"$6 drafts, $8 cocktails, $8 burgers and sliders",https://www.purebrewing.org/menus/happy-hour
ChIJRS4x3cVU2YAR88crc9zmfqA,Quiet Storm Roasters & Bakers,Draft Beer,6.0,Sliders,8.0,"$6 beers, $8 cocktails, $8 burgers and sliders",http://quietstormrnb.com
ChIJH6cbHURV2YAR4GdF4BgNoqA,NOLA on 5th,,,Pretzel Bites,6.0,"$6 pretzel bites, $8 wings, $8 sliders, and $10 po'boys",https://www.nolaon5th.com/specials
ChIJfQjakF9V2YARAaR4zRWwz_s,Divo Diva Cafe,House Wine,7.0,Truffle Fries,8.0,"$7 house wine, $8 cocktails, $8 truffle fries and sliders",https://www.divodivacafe.com/menu/happy-hour
ChIJ9wFYOP5V2YARv4l2mS_9P28,Sisters Pizza,select beers,5.0,all appetizers,2.0,"$2 off all appetizers, $5 select beers, and $6 house wine",
ChIJUcWsdsVU2YAR0mEm6X-Yn6w,Hash House A Go Go,House Margarita,6.0,Fried Chicken Sandwich,8.0,"$6 Margaritas, $8 cocktails, $8 fried chicken sandwich and sliders",https://www.hashhouseagogo.com/location/san-diego-california/menu
ChIJw7yYasVU2YARd0Z-amueQ3s,La Bonne Table,Beer,6.0,Sliders,8.0,"$6 beers, $8 cocktails, $8 burgers and sliders",http://www.labonnetablesd.net
ChIJmRFyuN5V2YARwfGwgDqwx2M,CURRY NATION - INDIAN RESTAURANT & CATERING,Domestic Beer,6.0,Veggie Samosa,7.0,"$6 beers, $7 samosas, $8 cocktails, and $9 appetizers",http://currynationsd.com
ChIJ029V3JJV2YARRnyWQXSDwNA,Sangucheria PSF Hillcrest,Pisco Sour,8.0,Empanada,6.0,"Beers, cocktails, empanadas, and fries",https://www.sangucheriasd.com/specials
ChIJ6WjPA-lU2YAR9AbMa4gTu1M,Trust,DRAFT BEER,6.0,SMASH BURGER,10.0,"Cocktails $10, Wine $10, Draft Beer $6, Smash Burger $10, Mac & Cheese $14",
ChIJbT-ZEENV2YARzncVI0RjIjM,R Place Bar & Eatery,Fireball,5.0,$10 wings,10.0,"$5 well, bottles and cans, $6 seltzers, $7 Margarita, $9 Paloma",
ChIJK8AHDOhU2YARXNfoeK2mhac,insideOUT,Desert Mule (Mocktail),5.0,,,"Mocktails $5, Wine $7, Well Drinks $7, Draft Beer $8",http://insideoutsd.com/san-diego-hillcrest-insideout-drink-menu-46740
ChIJUbiyqsJU2YAROFD3km39Mrk,Gossip Grill,Bottled & Canned Beers,,$3 off Food Menu,,"$3 off food, buy one get one tokens for drinks.",http://gossipgrill.com/menus/happy-hour
ChIJ_eHBu7tV2YARyvOWGytpDMk,Tacaliente Mexican Grill,Margarita,5.0,Tacos,3.0,"$3 tacos, $5 margaritas, $6 beers, $8 cocktails",https://tacalientemex.com
ChIJIbQp-61U2YARQYMkelZrQtU,Princess Pub & Grille,,,3 for Thee Sliders,,"Sliders, Tacos, Wings, Pozole, Sunday Roast",https://princesspubandgrill.com/weekly-specials
ChIJ3Stjxa1U2YARFYKpewBQnxE,Bar One,Domestic Beer,6.0,Sliders,8.0,"$6 beers, $8 cocktails, $8 burgers and sliders",https://www.baronelittleitaly.com
ChIJz9nWTydV2YARfO1rKH4iJus,Burgeon at The Arbor,House Beer,6.0,Chips & Salsa,5.0,"$5 chips, $6 beers, $8 cocktails, and sliders",https://burgeonbeer.com/pages/the-arbor/happy-hour
ChIJGZBcNqdV2YARis8UGrcFIQA,The Guild Bar,Domestic Beer,6.0,Sliders,8.0,"$6 beers, $8 cocktails, and $8 sliders",https://www.theguildhotel.com/eat-drink/the-guild-bar
ChIJk2xyLCpV2YARP2uyEW9E4m4,Coco Maya by Miss B's,Beer,6.0,Sliders,8.0,"$6 beers, $8 cocktails, and $8 sliders",https://inlovewiththecoco.com/happy-hour
ChIJP46t5t9V2YARHDZ-H773BlY,Hidden Craft SD,beer,6.0,tacos,8.0,"$6 beers, $8 tacos, sliders, and burgers",https://www.hiddencraftsd.com/specials
ChIJ_QqKWbNV2YARdBuC85RGgZg,Vincenzo Cucina and Lounge,WELL DRINKS,7.0,OYSTERS,1.35,"Aperol Spritz, Sangria, Well Drinks, Oysters, Calamari Fritti, Meatball Lollipops",
ChIJG3w65K1U2YARX3CUTUUueQs,Davanti Enoteca,House Wine,6.0,Margherita Pizza,8.0,"$6 house wine, $8 pizzas, $8 pasta, $8 sliders",http://www.davantienotecalittleitaly.com/menus
ChIJoZxt961U2YARUlL2y77IpAU,Caffe Italia,House Wine,6.0,Fries,6.0,"$6 fries, $6 house wine, $8 cocktails, $8 sliders",http://caffeitalialittleitaly.com
ChIJB57vCKhU2YARpuTC6OY5Yoc,Dobson's Bar & Restaurant,$8 Draft Beer,8.0,,,"$8 House Wine, Well Drinks, and Draft Beer",http://dobsonsrestaurant.com/san-diego-downtown-san-diego-dobsons-bar-and-restaurant-happy-hours-specials
ChIJ5ySSZKhU2YAR7gKMTSGOQFs,The Westgate Room's Plaza Bar,House Wine,8.0,Truffle Fries,10.0,"$8 wine, $10 fries, $12 sliders, and $14 charcuterie",https://www.westgatehotel.com/accommodations/packages-specials
ChIJLSs3vK5U2YAR9fKBBtwbtyo,Canvas Café + Lounge,House Wine,7.0,Truffle Fries,8.0,"$7 house wine, $8 cocktails, $8 fries and sliders",https://www.cartehotel.com/dining/canvas-cafe-and-lounge/menus/happy-hour
ChIJddpMyKtU2YARnd5-_aYhAfU,Giovanni's Trattoria,Domestic Beer,6.0,Garlic Knots,6.0,"$6 beers, $8 cocktails, $8 burgers, sliders, and garlic knots.",https://www.giovannitrattoriasd.com/specials.html
ChIJJYj94B9V2YARINvHtl2-re8,Mr. Moto Pizza Little Italy,Draft Beer,6.0,Sliders,8.0,"$6 beers, $8 cocktails, $8 burgers and sliders",https://mrmotopizza.com/menu
ChIJQ9wloqhU2YARceFZeZagL8o,Al Teatro Panini Grill,Domestic Beer,6.0,Sliders,8.0,"$6 beers, $8 cocktails, $8 burgers and sliders",http://www.alteatrocatering.com
ChIJ7_PZW8pV2YARZ0N7W6aIchE,Parakeet Cafe - Little Italy,Beer,6.0,Sliders,8.0,"$6 beers, $8 cocktails, $8 burgers and sliders",https://www.parakeetcafe.com/location/little-italy
ChIJx10ecKhU2YARqrrGwkm1RSA,Afternoon Tea at The Westgate Hotel,Beer,6.0,Sliders,8.0,"$6 beers, $8 cocktails, $8 burgers and sliders",https://www.westgatehotel.com/accommodations/packages-specials
ChIJOaRWR6hU2YARbAEIRja_P_s,Corner Bakery Cafe,Iced Coffee,3.5,Truffle Fries,5.0,"$3.50 iced coffee, $5 truffle fries, $6 flatbreads",https://www.cornerbakerycafe.com/menu
ChIJd2GU0qtU2YARw5tZ56hQmNg,Matisse Bistro,Beer,6.0,Sliders,8.0,"$6 beers, $8 cocktails, and $8 burgers",http://matissesd.com/menu
ChIJAQDwTq5U2YARa0C0MyWdi6M,Orexi,Domestic Beer,6.0,Hummus,8.0,"$6 beers, $8 cocktails, $8 hummus, burgers, and sliders",https://www.orexisandiego.com/specials
ChIJvSIOO4VV2YARjgxiQF3rHDg,Choice Juicery,Juice,5.0,Acai Bowl,6.0,"$5 juices, $6 acai bowls, $8 smoothies and bowls",https://www.choicejuicery.com
ChIJ7_6G4q1U2YAR8Z-GTLK7HIY,Frost Me Cafe and Bakery,House Wine,7.0,Truffle Fries,8.0,"$7 house wine, $8 truffle fries, and $9 cocktails",http://www.frostme.com
ChIJKTnRp6dU2YARvtTio7nhqQE,Stout Public House,,,Irish Curry Chips,10.0,$10 Irish Curry Chips,http://www.stoutsd.com
ChIJEe4B6OBV2YARg4_QeeLGAmA,Timestead by Modern Times,House Beer,6.0,Fries,6.0,"$6 beers, $8 cocktails, $8 burgers and sliders",https://timesteadpub.com/drinks
ChIJ69CydmRV2YARISQTHR7D7NM,The Gold Reserve Kitchen & Bar,$6 Draft Beers,6.0,Chef’s Selection of Shareable Appetizers,,"$6 Draft Beers, $7 House Wine, $8 Well Drinks, $10 Makers Old Fashioned",
ChIJpzN2VXBV2YARXIgiOUGpUcc,Dunya Lounge,beer,6.0,sliders,8.0,"$6 beers, $8 cocktails, $8 burgers and sliders",https://dunyalounge.com/menu
ChIJrRRF3qdU2YAR4uQK0o6WAMc,The Grant Grill,Draft Beer,6.0,Truffle Fries,8.0,"$6 beers, $8 cocktails, $8 fries and sliders",https://www.grantgrill.com
ChIJvWl96_1V2YARGFHsY67mdOA,Mariscos y Miches El Patron,Domestic Beers,6.0,Tacos,7.0,"$6 beers, $7 tacos, $8 cocktails, $8 burgers",https://www.mariscosymicheselpatron.com/menu
ChIJLQc-8adU2YARb1nzi80IUXY,Rei Do Gado Brazilian Steakhouse,Domestic Beer,6.0,Sliders,8.0,"$6 beers, $8 cocktails, $8 burgers and sliders",http://www.reidogado.net
ChIJQ5I1uqpV2YARSW1dhDEBj8Q,Zzan Downtown,House Wine,7.0,Fries,6.0,"$6 fries, $7 house wine, $8 cocktails and sliders",https://www.sdzzandowntown.com/menu/happy-hour
ChIJD90gf6ZU2YARnGGBNAGRY0w,Cocina 35,Margarita,6.0,Tacos,6.0,"$6 tacos, $6 margaritas, $8 cocktails, $8 sliders",http://www.cocina35.com/bar
ChIJ1VUF8DhV2YARS3I01Nbo2eM,Osteria Cotto e Mangiato,"Choice of Spritz Aperol, Limoncello, Hugo, or Bellini",9.0,Oysters,1.5,"$1.50 Oysters, $7 Garlic Bread, $9 Spritz and Bruschette",
ChIJKTnRp6dU2YAR9rnziCaX5xc,PHỞ XPRESS,Domestic Beer,6.0,Sliders,8.0,"$6 beers, $8 cocktails, $8 burgers and sliders",http://www.sdphoxpress.com
ChIJl1ig5aZU2YAR11N_p-xtl3A,University Club San Diego,Beer,6.0,Burgers,8.0,"$6 beers, $8 cocktails, $8 burgers and sliders",https://www.invitedclubs.com/clubs/university-club-san-diego
ChIJd-senqBU2YARB-oFMkFZTGA,Subway,,,"6"" Deli Faves",6.0,"6"" Deli Faves, beers, cocktails, and sliders",https://restaurants.subway.com/united-states/ca/san-diego/1111-6th-ave
ChIJG6FYdqdU2YARCqHT9TmYn28,Krisp Beverages + Natural Foods,Corona Extra,12.0,Buffalo Chicken Pizza,15.0,"$12 beers, $15 pizzas, and cocktails",http://krispdelivery.com
ChIJs7N7gbRU2YARkSPbQpAGTUM,Kettner Exchange,PAULANER PILSNER,7.0,SINGLE SINGLE,10.0,"$7 beers, $10 cocktails, $10 food",http://www.kettnerexchange.com/menus/happy-hour
ChIJXSD-lbNU2YARVbgkiaOfwKU,Vino Carta Wine Shop and Bar,Beer,6.0,Sliders,8.0,"$6 beers, $8 cocktails, $8 burgers and sliders.",http://www.vinocartasd.com
ChIJix9Yu7NU2YARTniNqO8thWs,Pali Wine Co.,House Wine,8.0,Cheese & Charcuterie,15.0,"$8 house wine, $15 cheese & charcuterie",http://www.paliwineco.com
ChIJR9Qe8K1U2YARdNFRcr-Gi88,Salt & Straw,Beer,6.0,Burger,8.0,"$6 beers, $8 cocktails, $8 burgers and sliders",https://www.saltandstraw.com/menu
ChIJNf4LtLNU2YARJkZPasauAiE,Puerto La Boca,GLASS OF OUR ARGENTINIAN HOUSE WINE,5.0,,,"$5 house wine, $5 Quilmes, $6 draft beer, $7 IPA, $7 well drinks",
ChIJOSt4w7BU2YARTonvgdj2l4s,Papas & Tacos Mexican Food,Domestic Beer,6.0,Sliders,8.0,"$6 beers, $8 cocktails, $8 burgers and sliders",
ChIJR4mZVQBV2YARVc4giqgGkpQ,Taco Loco,$2 Tecate Cans,2.0,$2.50 Tacos,2.5,"$2 Tecate Cans, $2.50 Tacos, $5 Bottled Beer, $6 Draft Beer, $7 Classic Margaritas",
ChIJHei-D7JU2YARO6iSWDYgOOY,Landini's Pizzeria,,,$2.50 slices,2.5,$2.50 slices and drink specials,https://www.landinispizzeria.com/special-events
ChIJBQQE-rFU2YARUH42D4gmW2Q,GlassDoor Restaurant | New American • Mexican,House Margarita,8.0,Chips and Salsa,5.0,"$5 chips, $8 margaritas, $9 tacos, $10 sliders",http://glassdoorsd.com
ChIJ70TNpYpV2YARNKsRjfZAeI4,Ocho Mexican Food & Cafe,Margarita,5.0,Tacos,3.0,"$3 tacos, $5 margaritas, $6 beers, $8 cocktails",https://www.ochomexfood.com/menu
ChIJ584PBbJU2YARlnem1YX4xA8,Ristorante Illando,$6 BEERS,6.0,Bruschetta Toscana,7.0,"Bruschetta Toscana, Polpette Affogate, Caprese, Calamari Fritti, $6 beers, $8 wines",
ChIJPy2_FLJU2YARcFwQB7_PsZk,Bencotto,PROSECCO BRUT NV,9.0,RISO FRITTO,9.0,"Aged Parmigiano Reggiano, Calamari Fritti, Riso Fritto, Polpette, Cocktails, Beer, Wine",
ChIJDxT4tbNU2YARnDfYPiyCktY,Mona Lisa Italian Foods,Domestic Beer,6.0,Sliders,8.0,"$6 beers, $8 cocktails, $8 burgers and sliders",http://monalisalittleitaly.com/menus/happy-hour
ChIJZfEOBrJU2YARhgtI2_fjDQw,Filippi's Pizza Grotto Little Italy,Soft Drinks Limit 3 refills,4.75,Spaghetti,11.29,"$4.75 soft drinks, $11 spaghetti, $12.79 ravioli, $13.79 lasagna",https://realcheesepizza.com/little-italy
ChIJI19App1V2YARVL9DSyp8Ak4,Barra Oliba,Beer,6.0,Burger,8.0,"$6 beers, $8 cocktails, $8 burgers and sliders",https://barraoliba.com/menu/happy-hour
ChIJlZObUjxV2YARXthRd5VeRvE,Filippi's Pizza Grotto Italian Market,Domestic Beer,6.0,Sliders,8.0,"$6 beers, $8 cocktails, $8 burgers and sliders",https://realcheesepizza.com/italian-market
ChIJNzbqWwZT2YARn0dbvyypICE,Rooftop Cinema Club Little Italy,beer,6.0,sliders,8.0,"$6 beers, $8 cocktails, and $8 sliders",https://rooftopcinemaclub.com/us/san-diego/rooftop-cinema-club-little-italy-san-diego
ChIJCWbPN6VU2YARntf6Sbaq43w,The Balboa,House Wine,7.0,Truffle Fries,8.0,"$7 house wine, $8 truffle fries, $9 sliders",http://www.thebalboabarandgrill.com/menu
ChIJHSVwrrpU2YARl-UIjXqJOJA,WetStone Winebar- Bankers Hill,,,Bowl of Potato Chips,3.5,Bowl of Potato Chips $3.50,http://wetstonewinebar.com
ChIJmZG7PrpU2YARjBdFNurhQ-0,Azuki Sushi Lounge,Sapporo,6.0,Spicy Tuna Roll,8.0,"$6 beers, $8 cocktails, $8 sushi rolls, and $8 appetizers",https://azukisushi.com/menu
ChIJS4xl21lT2YARGYzu2eh80zo,La Puerta,$3 Tecate,3.0,$3 Street Tacos,3.0,"$3 TJ Dawgs, Street Tacos, Tecate, $5 sangrias, frozen margaritas, mojitos",https://lapuertasd.com/menus/happy-hour
ChIJE0QFPlhT2YARL2vgp_uKIA0,Patricks Gaslamp Pub,Select Drafts,5.0,,,"Drafts $5, Wells $6, and Wine $6.",http://patricksgaslamppub.com
ChIJn8N5QFhT2YARW_WojgoQYms,The Tipsy Crow,Michelob Ultra Drafts,5.0,,,"$5 Michelob Ultra Drafts, $7 Codigo Tequila, $20 Beer Buckets",http://thetipsycrow.com/specials
ChIJN9NqzFlT2YARNbO8FwgBcB0,Werewolf,Wells,5.0,Side Fries,6.0,"$5 Wells, $6 Side Fries, $7 Waterfront Sliders and Elote Dip",http://www.thewerewolf.net/pages/happy-hour
ChIJPTscR1lT2YARTtSm52IolAE,Knotty Barrel,Guinness,6.0,Sliders,8.0,"$6 beers, $8 cocktails, and $8 sliders",https://www.knottybarrel.com/san-diego-rancho-penasquitos-knotty-barrel-rancho-penasquitos-happy-hours-specials
ChIJ3eQ0xltT2YARbHz0wRHEttI,Bub's at the Ballpark,Sidecars,5.0,Red Baskets,0.5,"$1 Off Drafts, $5 Sidecars, $5 Wells, 1/2 Red Baskets",
ChIJm8ZuyFlT2YARZXfA_KiPbGM,barleymash,House Beer,6.0,House Fries,7.0,"$6 beers, $7 fries, $8 sliders, and $9 flatbreads",http://barleymash.com/menu
ChIJq8_kzFlT2YARhTJd6WWo1hc,GARAGE Kitchen + Bar,,,$3 apps,3.0,$3 apps,
ChIJr-HzDFhT2YAR8Lwfrlu0Jxo,Gaslamp Tavern,,,2 Tacos + Mexican Lager,14.0,2 Tacos + Mexican Lager $14,
ChIJDSH4gFlT2YARizRU2G9BZM0,The Nolen Rooftop,Beer,6.0,Sliders,8.0,"$6 beers, $8 cocktails, and $8 burgers and sliders.",http://thenolenrooftop.com
ChIJAZEg61tT2YARu7bBj_OPr4s,Tom's Watch Bar - Petco Park,,,jumbo wing,1.89,"$1.89 jumbo wings, $7 Chips & Queso, $8 Fried Pickles, $10 Cheese curds",
ChIJC39CyllT2YARkbXHIDU8Rrc,American Junkie,"Coors Light, XX, Pacifico Drafts",4.0,Personal Cheese Pizza,9.0,"$4 drafts, $7 cocktails, $9 pizza, tots, and fries",https://www.americanjunkiesd.com/happy-hour
ChIJJ6a0yltT2YARwV64x7M2c7w,The Deck at Moonshine Flats,$4 Domestic Beer,4.0,Mozzarella Sticks,9.0,"$6 Wells, $4 Domestic Beer, $12 Domestic Pitchers, 1/2 OFF Select Apps",
ChIJbWMWb1pT2YARh7_Hxl-2DEg,Wild Hare Bar Garden,House Wine,7.0,Truffle Fries,8.0,"$7 house wine, $8 truffle fries, $9 sliders, $10 cocktails",https://www.wildharebargarden.com/menus
ChIJORj-_GlT2YARgTcHeR1dM9U,Happy Does Bar,$5 Bud Light ∙Budweiser∙Coors Light∙Coors Banquet∙Michelob Ultra ∙ Naturdays,5.0,$3 Crispy Chicken Sliders,3.0,"$3 sliders, $5 beer, $6 wine and seltzer",
ChIJXzRXlllT2YARXnn6T9KCaDI,Rustic Root,Domestic Draft,6.0,Crispy Brussels Sprouts,8.0,"$6 drafts, $8 cocktails, $8 Brussels sprouts, and $10 sliders.",https://rusticrootsd.com/menus/happy-hour
ChIJpWP9C1hT2YARrPpr3ExzqHQ,Star Bar,Domestic Beer,6.0,Sliders,8.0,"$6 beers, $8 cocktails, $8 burgers and sliders",https://starbarsd.com
ChIJm8ZuyFlT2YARvz0vAMQxuk4,Whiskey Girl,$7 Budlights,7.0,,,"$7 Budlights, $8 Kona Big Wave, $10 Tequila shots",http://www.whiskeygirl.com/menus/happy-hour
ChIJ3en1v1lT2YARds4cxVmyb2A,Havana 1920,Cerveza Hatuey,5.0,Croquetas,2.0,"$2 Croquetas, $3 Papa Rellenas, $4 Empanadas, $5 Cerveza, $7.50 Daiquiri/Mojito",
ChIJ28NZollT2YAR5SZ-i7ThDso,The Smoking Gun,,,Free Appetizer,,Enjoy a free appetizer with weekly specials.,http://www.thesmokinggunsd.com/specials
ChIJp05wXFpT2YARxJzwwD2FdfM,Maryjane's,Domestic Beer,6.0,Sliders,8.0,"$6 beers, $8 cocktails, $8 burgers and sliders",https://www.hardrockhotels.com/san-diego/mary-janes.aspx/menus/happy-hour
ChIJTQyLS1lT2YARUQp2vCehuUg,East Village Tavern+Bowl,$3 chips + salsa,3.0,$3 tacos,3.0,"$3 tacos, $3 chips + salsa, $7 maggies, $10 Lalo",
ChIJ39BEtFdT2YARo99WE6mNVSY,San Diego Pub Crawler,Domestic Beer,6.0,Sliders,8.0,"$6 beers, $8 cocktails, and $8 burgers",http://www.sandiegopubcrawler.com/special-occasions
ChIJ2cmQYldT2YAR_Ohd8iRln4Q,Tabac,,,All hookah flavors,16.5,Happy hour hookah $16.50,
ChIJm5S5bVhT2YARxliG7bOrhs0,Trailer Park After Dark,WELLS,6.0,Grilled Cheese Sticks,7.0,"CRAFT BEER $8, Grilled Cheese Sticks $7, Hot Tots $8, Piggy Sticks $10, Specialty Cocktails $10, WELLS $6",
ChIJmV2-zVtT2YARa1r_EIVWbM4,The Blind Burro,BUENA CERVEZA,5.0,TJ DOG WITH FRIES,7.0,"$5 Buena Cerveza, $7 TJ Dog with Fries, $8 Fresh Catch Taco and Mexican Pizza",
ChIJH3qnMlhT2YARiLTh2eslL_A,The Shout! House,Bud Light,5.0,Fries,7.0,"$5 beers, $7 fries, $8 burgers, sliders, and cocktails",http://www.theshouthouse.com/menu
ChIJ4QRo2K5T2YAR6m0tXq8mYYM,Far Corner,beer,6.0,sliders,8.0,"$6 beers, $8 cocktails, $8 burgers and sliders",https://farcornersd.com
ChIJjR6flllT2YARo5sHpyBXy4A,Prohibition Lounge,Domestic Beer,6.0,Sliders,8.0,"$6 beers, $8 cocktails, burgers, and sliders.",https://prohibitionsd.com
ChIJNbsZPZNT2YAR_rAgINcGBP0,Fat Tuesday,Domestic Beer,6.0,Sliders,8.0,"$6 beers, $8 cocktails, burgers, and sliders",https://fattuesday.com
ChIJEUd1lVlT2YAROqwKdylyKUg,Sab Lai Thai Kitchen,Beer,6.0,Burgers,8.0,"$6 beers, $8 cocktails, $8 burgers and sliders",https://www.sablaithaikitchen.com
ChIJKWJuR1lT2YARILKeuj2SgGE,Knotty Brewing Co.,,,$8 Oklahoma Smashburger,8.0,$8 Oklahoma Smashburger and $12 Double Oklahoma Smashburger,
ChIJtW--59ZT2YARTNXYiwzUtp4,Bay City Brewing Co Tasting Room,Pints,6.0,Sliders,8.0,"$6 pints, $8 cocktails, $8 burgers and sliders",https://baycitybrewingco.com/menu
ChIJkchuKKBT2YAR8SVBcJnmSJo,Wine Girl San Diego,House Wine,7.0,Truffle Fries,8.0,"$7 house wine, $8 cocktails, $8 fries, and $10 flatbreads",http://winegirl.com
ChIJnavTMSZT2YARHVpffyVBz1o,5 o'Clock Somewhere Rooftop Bar,Domestic Beer,6.0,Sliders,8.0,"$6 beers, $8 cocktails, $8 burgers and sliders",https://www.margaritavilleresorts.com/margaritaville-hotel-san-diego/eat-drink/5-oclock-somewhere-rooftop-bar/menus/happy-hour
ChIJf8wtGUKt3oARACAdVZZSliw,Freddy’s Chophouse,Domestic Beer,6.0,Sliders,8.0,"$6 beers, $8 cocktails, burgers, and sliders",http://freddyschophouse.com/specials
ChIJOVJnlSRT2YARjw68t3P-d50,Gaslamplighter Karaoke Cocktail Bar,Each craft cocktail,13.0,Grilled Cheese,12.0,"$13 craft cocktails, $10 fries, $12 grilled cheese, $15 burger, $18 trio, $42 chips & caviar",
ChIJsQ6v3FlT2YARNDzNWb7kJ44,Las Hadas Bar and Grill,$5 Cazadores / Patron Shots,5.0,$3 Tacos Chicken,3.0,"$5 shots, $5 Mexican beers, $3 tacos, $4 tacos, $10 margaritas",http://lashadasgrillsd.com/san-diego-downtown-historic-gaslamp-las-hadas-happy-hours-specials
ChIJbThKdFhT2YARjTsZNkFL0m4,Vin de Syrah,House Red or White Wine,8.0,Petite Charcuterie,5.0,"$5 charcuterie, $8 wine, 50% off cocktails and wine bottles.",http://www.syrahwineparlor.com/menus/happy-hour
ChIJ9TD3W1pT2YAR1i3HkODmA18,FLOAT Rooftop Lounge,Beer,6.0,Sliders,8.0,"$6 beers, $8 cocktails, burgers, and sliders",http://www.hardrockhotelsd.com/float-rooftop-bar.php/menus/happy-hour
ChIJs-fDwGpT2YARMhRoOIIUS4M,LandShark Bar & Grill,Domestic Draft,4.0,Chips & Salsa,5.0,"$4 drafts, $5 chips & salsa, $7 tacos, $8 burgers",https://www.margaritavilleresorts.com/margaritaville-hotel-san-diego/eat-drink/landshark-bar-grill/menus/happy-hour
ChIJm8ZuyFlT2YARRQ8nr25q6Ks,Ginger’s,Beer,6.0,Burger,8.0,"$6 beers, $8 cocktails, $8 burgers and sliders",http://www.gingersgaslamp.com
ChIJ6b_8NFZT2YARYLlK6UvvaP4,Salvatore's Cucina & Lounge,Well Spirits,9.0,Caesar Salad,12.0,"Half-off wines, $10 cocktails, $12 bites",https://www.salvatoressandiego.com/menu
ChIJx8_h_15T2YARTMY8E4nkOTI,Saint James French Diner,Drip Coffee,5.0,Bacon,6.0,"$5 coffee, $6 bacon, $7 matcha latte, $8 cappuccino",https://saintjamesfrenchdiner.com
ChIJbY9Ir1lT2YARFa8I8_VyWK4,Mina Lounge,$4 TEA,4.0,,,"$10 off hookahs, 20% off wine bottles, $4 tea, $5 coffee, $7 well shots, $7 sangria, $7 draft beer, $7 house wine",
ChIJKRGYF6hU2YARY5LmS6E5R98,Tapas & Beers | French and Spanish Restaurant,Sangria,6.0,Patatas Bravas,6.0,"$6 Sangria, $6 Patatas Bravas, $8 Tapas",https://tapasbeers.com/menu/happy-hour
ChIJjcyZLmFT2YARcFk7Be7QuLU,Baja Rick's Cantina,,,San Felipe Style Fish Taco,5.0,"Mexican Corn Ribs, Grilled Mahi Taco, Fried Lobster Taco, Queso Fundido",
ChIJC2LxwFlT2YARIncnIQkA7Vw,El Chingon,House Margarita,6.0,Elote a la Linea,4.0,"Nachos Libres $6, Rolled Tacos $5, Elote $4, House Margarita $6, Tequila of the Month $6",
ChIJDVT0QghT2YAR1m9ELtkzcLY,Karina's Cantina Gaslamp,Margarita,8.0,Tacos,6.0,"$6 tacos, $8 margaritas, and $8 sliders",http://www.karinasseafood.com/bar
ChIJtwjXCSpT2YARufaSYrjGErM,Krisp Beverages + Natural Foods,Corona Extra 6pk,12.99,Buffalo Chicken Pizza,15.99,"$13 beers, $16 pizzas, $17 cocktails",https://www.krispdelivery.com/zgrid/themes/13226/portal/index.jsp/menus/happy-hour
ChIJn5njgDJT2YARjfq0P5vByVs,Euphoria Lounge,House Wine,6.0,Hummus,8.0,"$6 house wine, $8 cocktails, $8 hummus and sliders",https://www.euphoriasandiego.com/menus/happy-hour
ChIJJbmePFhT2YARbluPFJ35BIE,Gran Havana Cigar & Hookah Lounge,Domestic Beer,6.0,Sliders,8.0,"$6 beers, $8 cocktails, $8 burgers and sliders",http://www.granhavana.com/collections/special
ChIJKRY5P1hT2YARWq1KyrHV1xw,Myst Lounge,Domestic Beer,6.0,Sliders,8.0,"$6 beers, $8 cocktails, $8 burgers and sliders",http://mysthookahlounge.com/menu
ChIJFWj9WlhT2YARREmFWY-qOGc,Pushkin Lounge & Bar,Sprite,5.0,,,"$16 cocktails, $12 martinis, $8 single infusions",https://www.pushkinlounge.com/menu/happy-hour
ChIJRWXHbFhT2YARAwmXkGZz0VA,Casablanca Lounge,Domestic Beers,6.0,Wings,8.0,"$6 beers, $8 cocktails, $8 wings and sliders",http://casablancasd.net/specials
ChIJVVWFElhT2YARqBHeB180JsI,VYBZ Kitchen & Lounge,Mango,8.0,Sliders,8.0,"$6 beers, $8 cocktails, burgers, and sliders",http://www.vybzsandiego.com
ChIJrR33pFlT2YARUqOqj1ULudI,SideBar Nightclub San Diego,Domestic Beer,6.0,Sliders,8.0,"$6 beers, $8 cocktails, $8 burgers and sliders",https://www.sidebarsd.com/menu
ChIJPXZ7DVlT2YARAkG9BQGqC50,El After Social Club,House Margarita,5.0,6 Wings,5.0,"$5 House Margarita, $5 6 Wings, $5 Bottle Beer",
ChIJU3DqJp1T2YAReJT_93u5Cio,Diamond Room,Beer,6.0,Sliders,8.0,"$6 beers, $8 cocktails, and $8 sliders",https://www.diamondroomsd.com/menu
ChIJP-brMAtT2YARDUDZ_wUzURk,Diamond Terrace Lounge,Domestic Drafts,6.0,Chips & Salsa,5.0,"$5 chips, $6 drafts, $8 cocktails and sliders",https://www.diamondterracelounge.com
ChIJPUH3WlpT2YAROfxE1w24BHM,207 at Hard Rock Hotel San Diego,Domestic Beer,6.0,Sliders,8.0,"$6 beers, $8 cocktails, burgers, and sliders.",https://www.hardrockhotels.com/san-diego/207-bar.aspx/menus/happy-hour
ChIJbeIz559T2YARPD8hTKM6GRY,Hodad’s Petco Park,Domestic Beer,6.0,Sliders,8.0,"$6 beers, $8 cocktails, and $8 burgers",https://hodadsdowntown.com/specials
ChIJ3QqQ3kxT2YARgK7gy73kBhA,Lumi,WELLS,10.0,EDAMAME,5.0,"Edamame, Shishito Peppers, Wells, Highball, and Slushie",https://lumirooftop.com/menus/happy-hour
ChIJxcvzj99T2YARjY-1I8XRAcs,Huntress,select cocktails,8.0,sliders,8.0,"$6 beers, $8 cocktails, and $8 sliders.",https://huntresssteak.com/menus/happy-hour
ChIJde4BP2ZT2YARUhQWtZyt2EM,Adventures In San Diego,Domestic Beer,6.0,Sliders,8.0,"$6 beers, $8 cocktails, burgers, and sliders",http://adventuresinsandiego.com/menus/happy-hour
ChIJkVj4MlpT2YARmp5fGnP5h84,Water Grill San Diego,select beers,6.0,burger,8.0,"$6 beers, $8 cocktails, $8 burgers and sliders",https://www.watergrill.com/sandiego
ChIJRy7n2KZT2YARtURvo0fW-y4,Tacos El Gordo,Beer,6.0,Tacos,3.0,"$3 tacos, $6 beers, $8 cocktails, and sliders",https://tacoselgordobc.com/menu
ChIJXUjPP1pT2YARpHAKhEc9Xkg,Rockin' Baja Lobster - Gaslamp,Mi Campo Cadillac Margaritas,10.0,San Felipe Style Fish Taco,5.0,"Happy Hour: $5 Fish Taco, $6 Calamari, $7 Fried Lobster Taco, $10 Margaritas",
ChIJTYZOXVpT2YARr-LvDpGXTbo,Lou & Mickey's,Beer,6.0,Sliders,8.0,"$6 beers, $8 cocktails, and $8 sliders",https://www.louandmickeys.com
ChIJIe5QHfhT2YARBBW5Un5WFEM,Gaslamp Breakfast Company,Domestic Beer,6.0,Sliders,8.0,"$6 beers, $8 cocktails, $8 burgers and sliders",https://breakfast-company.com
ChIJP3i4i1lT2YARRLPY1oEO6Ns,Lionfish Modern Coastal Cuisine – San Diego,Pale Ale Ale Smith ‘.394’ San Diego,6.0,Oysters Kumiai Baja Oysters,1.5,"$1.50 oysters, $6 beer, $8 hand rolls, $9 plates, $10 cocktails",https://lionfishsd.com/menu/happy-hour
ChIJYaRcf8hT2YAROb1Niwxt0YM,STK Steakhouse,,,oysters on the half shell,3.0,"$3 bites including oysters, crab fritters, Lil’ BRGs, wagyu meatballs, short rib quesadillas and A5 wagyu tacos.",
ChIJoYUyrVBT2YARVqj1DbMGikY,Morton's The Steakhouse,Beer,6.0,Burger,8.0,"$6 beers, $8 cocktails, $8 burgers and sliders",https://www.mortons.com/specials
ChIJYU69NPJT2YARit6HjcmqiYM,The Melt,,,Fries,6.0,"$6 fries, $8 burgers, sliders, and cocktails",https://www.themelt.com
ChIJvUNRtVlT2YARKqXIDiFn000,Greystone Prime Steakhouse & Seafood,HOUSE RED,8.0,OYSTERS,1.5,"Oysters, bottled beer, house red and white wine, calamari, fries, tacos",https://www.greystonesteakhouse.com/menus/happy-hour
ChIJ-9qrDVpT2YARSpU3hHdbN4s,Fleming’s Prime Steakhouse & Wine Bar,hand-crafted cocktails,9.0,,,$9 hand-crafted cocktails,
ChIJ-9b7R1hT2YARKR5uvzEj9Ns,Asti Ristorante,House Wine,7.0,Bruschetta,8.0,"$7 house wine, $8 bruschetta, and $10 calamari",http://astisandiego.com/menus/happy-hour
ChIJISLCyVhT2YAR0RWrk2Vfg1E,Tajima Ramen East Village,Every tap beer,3.5,,,Every tap beer $3.50,
ChIJ04ojdrFT2YARlC5c2P03O4U,Besthibachi,Domestic Beer,6.0,Edamame,5.0,"$5 edamame, $6 beers, $8 cocktails, and sliders",http://www.thebesthibachi.com/menu/happy-hour
ChIJ679bFodT2YARfiTiId-PXbA,AKA San Diego,Lucky Buddha,6.0,Garlic Edamame,5.0,"$6 beers, $8 rock shrimp, $10 cocktails and potstickers",https://www.akagaslamp.com/happy-hour
ChIJ80LlK0BT2YARjQwUm7e4lWU,Swagyu Burger East Village,Draft Beer,6.0,Sliders,8.0,"$6 draft beer, $8 cocktails, burgers, and sliders",https://swagyuburgers.com/menu
ChIJ_S-UjP1T2YARDSXPBZxJtM0,Bang San Diego,Draft Beer,6.0,Edamame,5.0,"$5 edamame, $6 draft beer, $8 cocktails, $8 sliders",https://bangon5th.com/menu
ChIJF1qnSl9T2YARgOb26Dv4b8s,Pokez Mexican Restaurant,Domestic Beer,6.0,Chips & Salsa,4.0,"$4 chips, $6 beers, $8 cocktails, burgers, sliders",https://www.pokezmexicanrestaurant.com
ChIJV0-LR1hT2YARfiWhwagDDwk,Pizza and Pasta on 5th,Patron shots,5.0,,,$5 Patron shots,
ChIJaV7ALVFT2YARU_YXtb-3AXs,Marina Kitchen,Draft Beer,6.0,Sliders,8.0,"$6 beers, $8 cocktails, $8 burgers and sliders",https://www.marriott.com/en-us/hotels/sandt-marriott-marquis-san-diego-marina/dining/menus/happy-hour
ChIJAemJW8BT2YARQSE2MrDIY_U,Tacos El Prieto,Beer,6.0,Burger,8.0,"$6 beers, $8 cocktails, and $8 burgers",https://elprietotacos.com/menus
ChIJ08i1SQJT2YARRVKB7wxbtns,Hasta Mañana Cantina,DRAFT BEER + WELL COCKTAILS,7.0,INDIVIDUAL STREET TACOS,5.0,"$5 street tacos, $7 draft beer, well cocktails, and $8 margaritas",
ChIJo84E1wFT2YARjiep3TJJiR8,Yalla Habibi,House Wine,7.0,Hummus,6.0,"$7 wine, $8 cocktails, $6 hummus, $8 sliders",http://yallahabibisd.com/menu
ChIJX4c74npT2YARv0wftKn4fyw,Puesto at Petco Park,House Margarita,8.0,Chips & Salsa,6.0,"$6 beers, $8 cocktails, $8 burgers and sliders",https://www.eatpuesto.com/san-diego-special-events
ChIJObiBqjCq3oARW5hG_cwsurI,The Harp,1/2 off all Draft Beers,,,,1/2 off all Draft Beers,
ChIJuf9idDqq3oARWTngLYANpKs,Raglan Public House,Domestic Beer,6.0,Sliders,8.0,"$6 beers, $8 cocktails, burgers, and sliders.",http://www.raglanpublichouse.com
ChIJmXS2u7ar3oARVd-01I7eWVM,Dirty Birds Ocean Beach,$7 Assorted Cutwater Cans,7.0,½ Off Traditional Wings,0.5,"½ Off Traditional Wings, ½ Off Select Pitchers, $7 Cutwater Cans",
ChIJ377ZKWer3oARTJetRjPnLQ4,California Wild Ales,Pints,6.0,Burgers,8.0,"$6 pints, $8 cocktails, burgers, and sliders.",http://www.californiawildales.com
ChIJJ0bSTjeq3oARXzKNqulD7DU,Kilowatt Brewing Ocean Beach,Buy any pint and upgrade it to a 32oz pitcher for +$3,3.0,"50% off all food w/ full pour beer, wine, or n/a cocktail purchase",,"Upgrade pints to pitchers, 50% off food with drink purchase",http://kilowatt.beer/menus/happy-hour
ChIJ_bAXTDeq3oARn579zCCx_yA,Kilowatt Brewing OB Tasting Room,pint upgrade to 32oz pitcher,3.0,50% off all food,,50% off food with drink purchase,https://kilowatt.beer/menus/happy-hour
ChIJDUVWyYmr3oAR5e_5ZzbxKDM,Nova Easy Kombucha,Kombucha,6.0,Sliders,8.0,"$6 kombucha, $8 cocktails, burgers and sliders",http://www.novakombucha.com
ChIJd-D6nTCq3oARyBI-EhMWnnI,OB Noodle House Bar 1502,Domestic Beer,6.0,Sliders,8.0,"$6 beers, $8 cocktails, $8 burgers and sliders",http://www.obnoodlehouse.com/ob-noodle-house-bar-1502/menu
ChIJSXaLLOGr3oARoTQbSz6PUV4,La Doña,Calidad Cans Mexican Lager,5.0,TJ Dog,7.0,"Margarita $8, Paloma $8, El Jefe $10, Calidad Cans $5, Mezcal Ánimas $6, Uno Taco Plate $10, Street Nachos $8, Vegetarian Rolled Tacos $10, TJ Dog $7, Baja-Style Ceviche $10",https://ladonaob.com/menu/happy-hour
ChIJo4uA7rGr3oARQx18Ghdwj74,Rosemarie's Buns & Brews,Domestic Beer,6.0,Sliders,8.0,"$6 beers, $8 cocktails, and $8 sliders",https://rosemariesburgers.com/specials
ChIJ1evDlMKr3oAR4bPIkueF9u8,Johnny Mañanas Ocean Beach,Glass of Wine,2.0,Street Tacos,2.5,$2 off Glass of Wine and $2.50 Street Tacos,
ChIJfT6zrDCq3oARmsOmyPFqIJY,Newport Quik Stop Liquor & El Jardin,Domestic Beer,6.0,Chips & Salsa,5.0,"$5 chips & salsa, $6 beers, $8 cocktails, and sliders",http://www.eljardinmvc.com/menus/happy-hour
ChIJq6q6CDqq3oAR1ZAQy6nYqcM,OB Sushiya,Sake,5.0,Tuna Tataki,7.0,"$5 sake, $7 tuna tataki, $8 sushi rolls, $9 sashimi",http://www.obsushiya.com/specials
ChIJSdTbzjaq3oAR0RD4MteauTE,Ulivo Restaurant,House Wine,6.0,Margherita Pizza,8.0,"$6 house wine, $8 cocktails, $8 pizzas and sliders",http://ulivorestaurant.com
ChIJq-_azzKq3oARHI-ldRJ2Jzk,Sunnie's Ocean Beach Mexican Food,Agua Fresca or Soda,,TJ Street Tacos,2.75,"TJ Street Tacos $2.75ea, California burrito $13.99, Roll Taco Wednesday $10.99",
ChIJkU_bRDeq3oARuPqBuhAdv8U,Shawarma House,Beer,6.0,Sliders,8.0,"$6 beers, $8 cocktails, and $8 sliders",https://shawarmahousesd.com/menu
ChIJ38jSVjeq3oARAcfSz_27IO0,Little Chef Chinese Take-Out (Ocean Beach),Beer,6.0,Burgers and sliders,8.0,"$6 beers, $8 cocktails, $8 burgers and sliders",https://www.littlechefcatering.us
ChIJJzH9jD2r3oARjGnbSv9etLg,Sine Wave Cafe,Domestic Beer,6.0,Sliders,8.0,"$6 beers, $8 cocktails, burgers and sliders",http://www.sinewavecafe.com
ChIJAxubADqq3oARI0A0X4t-Jl4,Old Townhouse Restaurant,Domestic Beer,6.0,Sliders,8.0,"$6 beers, $8 cocktails, $8 burgers and sliders",http://www.oldtownhouserestaurant.com/menu
ChIJR6UVQHar3oARkp1LV2GtxSU,Soi OB-Thai Street Food,Beer,6.0,Burgers and sliders,8.0,"$6 beers, $8 cocktails, and $8 burgers",http://www.soiob.com/menu
ChIJQ9yHETeq3oARnO-mYltFWI4,Azucar,house wine,6.0,empanadas,6.0,"$6 empanadas, $6 house wine, $8 cocktails, $8 sliders",https://iloveazucar.com
ChIJ0c98OzSq3oARF3Z-0D6t3p8,Nomad Surf Lounge by Coastline Vacation Rentals,Beer,6.0,Sliders,8.0,"$6 beers, $8 cocktails, and $8 sliders",https://stayatthecoastline.directstays.com/property/luxe-beach-house-wocean-views#availability/menus/happy-hour
ChIJRW531U2q3oARBqCr3slTcOc,Peace Pies,Beer,6.0,Burgers,8.0,"$6 beers, $8 cocktails, burgers, and sliders.",https://www.peacepies.com
ChIJ6w70LT-q3oARLU9KxrXmCq4,Northside Tavern,Buenaveza Bottle,6.0,,,"House Tacos $4.50, Birria Taco $5.50, Rice & Beans $4.00, Buenaveza Bottle $6.00, Espolon $6.50",
ChIJS02-oEeq3oARiOoja4aqDw8,Kaiserhof Restaurant,Kaiserhof Pilsner,6.0,Kaiserhof Burger,8.0,"$6 Pilsner, $8 cocktails, burgers, and sliders",https://www.kaiserhofrestaurant.com
ChIJ34oQNj-q3oARxwYJoxln0og,The 3rd Corner Wine Shop & Bistro,$6 Drafts,6.0,Pommes Frites,7.0,"$6 drafts, $7 select wines, $2 off cocktails, $7 plates",http://www.the3rdcorner.com/specials
ChIJf9UXqyer3oARLB10Xga4REs,We Be OB,$5 Drafts,5.0,,,$5 Drafts and $1 Off All Other Alcohol,
ChIJ3anky6er3oARkDQyJVbLRnA,Daybreak Island Grill,Domestic Beer,4.0,Avocado Toast,7.0,"$4 domestic beers, $7 avocado toast, $8 burgers and sliders.",http://daybreakislandgrill.com/menu
ChIJdYA_mDiq3oARy5WAFHJ72no,OB Noodle House & Sake Bar,Sake,5.0,Edamame,4.0,"$4 edamame, $5 sake, $6 beers, $8 cocktails",http://www.obnoodlehouse.com/menu
ChIJaz7KA8yr3oAR1L2tA5gDKXU,City Tacos,Mexican Beer,2.5,,,10% off all food and $2.50 Mexican beer,
ChIJQftvxDiq3oARgP0ccp61_M0,Liticker's Liquor & Mexican Grill,Domestic Beer,6.0,Chips & Salsa,4.0,"$4 chips, $6 beers, $8 cocktails, and sliders",https://www.litickersmexicangrill.com/menus/happy-hour
ChIJ098ahUeq3oARIoLO1OVVw_E,Jack in the Box,Small Milkshake,2.5,Cheeseburger,2.0,"$2 burgers, $3 tacos, $3 milkshakes, and $4 fries.",https://locations.jackinthebox.com/us/ca/san-diego/4815-voltaire-st?utm_source=google&utm_medium=local&utm_campaign=google-local/menus/happy-hour
ChIJ80sxnjiq3oARz10bRuz-_aU,NEWLY REMODELED OCEAN BEACH STUNNING HOME PARKING /FIREPIT /BBQ - SLEEPS 12,Domestic Beer,6.0,Sliders,8.0,"$6 beers, $8 cocktails, $8 burgers and sliders",https://www.bluepillow.com/search/63974882fc70cceab61a7461/menus/happy-hour
ChIJeUnKZk-q3oAR0B2GBmdoWR8,Ocean Beach 2 Bedroom 2 Bath with Parking and BBQ,Domestic Beer,6.0,Sliders,8.0,"$6 beers, $8 cocktails, burgers, and sliders",https://www.bluepillow.com/search/68123dcc1a0d3c624bfe4d75/menus/happy-hour
ChIJmRfLCUeq3oARIHIWo81MqYI,Chris' Liquor & Deli,Domestic Beer,6.0,Sliders,8.0,"$6 beers, $8 cocktails, $8 burgers and sliders",http://chrisliquor.com/menu
ChIJUTQoszuq3oAR3BfEjlCJesc,Wonderland Ocean Pub,Drafts,5.0,Fried Fish Taco,5.0,"Drafts $5, Fried Fish Taco $5, Salty Pretzel Bites $7, Da Kine Guacamole $8",http://wonderlandob.com/menu/happy-hour
ChIJ-41BRjqq3oARFoyGENvCrfY,The Holding Company,$3 Shots of Tully or Skrewball,3.0,30% Off Entire Food Menu,,"$3 Shots, $4 Well Drinks, $7 Beer & Shot, 1/2 Off Drafts",https://theholdingcompanyob.com/menus/happy-hour
ChIJ1WF0Qzqq3oARTwB0dK8YZLU,Ocean Beach Brewery,$2 off all beers on tap,,$5 Poutine Fries,5.0,"$2 off all beers on tap, $5 Poutine Fries, Crispy Pickles, and Garlicky Hummus",
ChIJQWDtIgCr3oARIfDstyaNLfA,Kustom Kulture,Domestic Beer,6.0,Sliders,8.0,"$6 beers, $8 cocktails, $8 burgers and sliders",https://kustomkulture.com
ChIJ5cbVTDqq3oARd41v184GcUo,OB Surf Lodge,All Drafts Beer & House Wine,6.0,,,"$6 Drafts Beer, House Wine, $7 Wells, $8 Mai Tai",
ChIJ8X11HuSr3oARtwbrqGUQI_w,The Template,House Wine,6.0,Hummus,7.0,"$6 House Wine, $7 Hummus, $8 Cocktails, $9 Sliders",http://obtemplate.com/menu/happy-hour
ChIJfZRc_kur3oARQo3345d5Zys,Blue Water Seafood Ocean Beach,Draft Beer,6.0,Fish Tacos,8.0,"$6 draft beer, $8 cocktails, fish tacos, and sliders",http://sdbluewater.com/menus/happy-hour
ChIJ9TBxRTqq3oARfDBVt6kOMLE,Mike's Taco Club,Domestic Beer,6.0,Chips & Salsa,5.0,"$5 chips, $6 beers, $8 cocktails, $8 burgers",http://www.mikestacoclub.com
ChIJjyidFjqq3oARBqq_8RATP_U,Sunshine Company Saloon,half-priced pitchers of beer,,,,half-priced pitchers of beer,
ChIJqx1_Fzqq3oARBIEf3PSLoNs,Winstons Beach Club,Domestic Beer,6.0,Sliders,8.0,"$6 beers, $8 cocktails, and $8 burgers/sliders",http://www.winstonsob.com/happy-hour
ChIJBeuC0nir3oARks2zg6_JJ70,Tacos Tortas & More,Domestic Beer,6.0,Tacos,3.0,"$3 tacos, $6 beers, $8 cocktails, and sliders",https://www.tacostortasmore.com/menu/happy-hour
ChIJaYaXFTqq3oARNy537Kb_W_c,Hodad's Ocean Beach,Beer,6.0,Burger,8.0,"$6 beers, $8 cocktails, burgers, and sliders",http://hodadsoceanbeach.com/specials
ChIJv3a7fqar3oARD3TW90WLw8Y,Pizzeria Luigi,Domestic Beer,6.0,Sliders,8.0,"$6 beers, $8 cocktails, $8 burgers and sliders",http://pizzerialuigi.com/specials
ChIJO5bkeACr3oARQo9EZgXZxQc,Wing´s Army Ocean Beach,Draft Beer,6.0,Fries,6.0,"$6 beers and fries, $8 cocktails and burgers",https://wingsarmy-usa.com/menu
ChIJabplFgCr3oARV85YCJ0jjzU,Benedict's Brunch,House Wine,6.0,Hummus,8.0,"$6 house wine, $8 hummus, $8 cocktails, $8 burgers",https://www.benedictsbrunch.com/menu
ChIJ0RF0j9-r3oARKZ2eLwGdw3c,The Gärten,2022 Random Forbes,12.0,,,"$12 wines, $14 cocktails, $16 burgers and sliders",https://www.thegärten.com
ChIJawXUY9Oq3oARwgiRZMM2XFY,The Waffle Spot,Draft Beers,5.0,Sliders,8.0,"$5 draft beers, $8 cocktails, burgers, and sliders",https://wafflespotsandiego.com
ChIJvR05Y-qq3oARXlqbLuZysrE,Tio Leo's Mexican Restaurant,Domestic Drafts,6.0,Chips & Salsa,3.0,"$3 chips & salsa, $6 beers, $8 cocktails, burgers, and sliders",http://www.tioleos.com
ChIJawXUY9Oq3oARS1WMAtfOJrQ,The Amigo Cantina,Domestic Bottles,5.0,Flautas,8.0,"$5 beers, $8 cocktails, $8 flautas, quesadillas, and nachos",
ChIJoy4-sgOr3oAR_F7ZFi0d9PU,Cafe 88,Domestic Beer,6.0,Edamame,5.0,"$5 edamame, $6 beers, $8 cocktails, and sliders",https://linktr.ee/haileyelizabethh
ChIJC_6f3Xyr3oARpWfrYyZ0woI,The Remy,Beer,6.0,Sliders,8.0,"$6 beers, $8 cocktails, burgers and sliders",https://www.theremysd.com
ChIJ4Ysvo4ur3oARk8KYtCM0RyE,El Sueño,House Margarita,7.0,Chips & Salsa,5.0,"$5 chips & salsa, $7 margaritas, $8 tacos, $9 quesadillas",https://elsuenosd.com/menu
ChIJrWF7z8Gq3oARpQ_CMj7mNfs,J&T Thai Street Food,Beer,6.0,Sliders,8.0,"$6 beers, $8 cocktails, $8 burgers and sliders",https://www.jtthaistreetfood.com/menu
ChIJy54NVStV2YARJocmSjOLKpw,CRUST KITCHEN,Domestic Beer,6.0,Garlic Knots,7.0,"$6 beers, $7 garlic knots, $8 cocktails and sliders",https://crustkitchenn.site
ChIJgyd6cOeq3oARZz-U8rhior4,Barra Barra,Margarita,6.0,Tacos,5.0,"$5 tacos, $6 margaritas, $7 nachos, and $8 quesadillas",http://www.barrabarrasaloon.com/menus
ChIJD1lzid2q3oARpX8yCaF7AZo,Casa de Reyes,Domestic Beer,6.0,Chips & Salsa,5.0,"$5 chips, $6 beers, $8 cocktails, burgers, and sliders",http://casadereyesrestaurant.com/specials
ChIJ22Y8ALOr3oARXqfxouonJoU,Los Panchos Taco Shop,,,Los Tres Amigos,10.0,"$10 tacos, $11 quesadillas, $12 rolled tacos, $12 ceviche",http://lospanchostacosandcantina.com/menus/happy-hour
ChIJbzKBN8-q3oARwuryx7N3RJ0,Del Mesa Liquor,House Margarita,6.0,Chips and Salsa,4.0,"$4 chips, $6 margaritas, $8 tacos and sliders",https://www.delmesaliquor.com/collections/featured/products/dos-artes-reserva-especial-36-extra-anejo-tequila
ChIJM9wrbriq3oARTNYepY8gO3g,La Gran Terraza,House Margarita,8.0,Chips & Salsa,6.0,"$6 chips, $8 margaritas, $8 tacos, $8 sliders",http://www.lagranterraza.com
ChIJK21to9dV2YARMPE37z1F-Ks,Theresa's Italian Steakhouse,Domestic Beer,6.0,Sliders,8.0,"$6 beers, $8 cocktails, $8 burgers and sliders",https://legacyresortandspa.com/theresas-italian-steakhouse/specials
ChIJuxP5sfar3oARB8BRkINUBWc,Sushi Yorimichi 2,Draft Beer,6.0,Spicy Tuna Crispy Rice,8.0,"$6 draft beer, $8 cocktails, $8 spicy tuna crispy rice and sliders",https://sushiyorimichi.wixsite.com/home
ChIJjZEdLZWq3oARJYhT5VfglXs,Nico's Mexican Food,Domestic Beer,6.0,Sliders,8.0,"$6 beers, $8 cocktails, burgers, and sliders",https://nicosmexfood.com/listing/morena
ChIJQ5Hjt8Gq3oARKH9pL2W6A8g,Giovanni's Italian Restaurant,Domestic Beer,6.0,Garlic Knots,7.0,"$6 beers, $7 garlic knots, $8 cocktails, and $9 sliders",http://giovannissd.com/menu/happy-hour
ChIJY2Lm4MGq3oARpe0BmF42Fgc,Urbane Cafe,Draft Beer,6.0,Sliders,8.0,"$6 beers, $8 cocktails, $8 burgers and sliders",http://www.urbanecafe.com/menu
ChIJvTllMUqr3oAR0fNUSq86oxE,Main Chick Hot Chicken,Beer,6.0,Sliders,8.0,"$6 beers, $8 cocktails, and $8 sliders",https://www.eatmainchick.com
ChIJ4cbAxCxV2YARnGJ6mjWsUB0,Postcards American Bistro,Draft Beer,6.0,Sliders,8.0,"$6 beers, $8 cocktails, $8 burgers and sliders",http://www.handlery.com/menus/happy-hour
ChIJ_92cL3UVG6QRS-YaDz_Jri0,Pizza Cassette,,,OLIVE BRANCH,8.0,"$5 off pies, $8 olives, $12 salad, $14 double dip, $16 great balls of fire",
ChIJtWIRnflU2YARCfG1RXiYG-U,Jack in the Box,Small Milkshake,2.0,Cheeseburger,1.99,"$2 milkshakes, $2 cheeseburgers, $3 tacos, and $4 fries.",https://locations.jackinthebox.com/us/ca/san-diego/2890-el-cajon-blvd?utm_source=google&utm_medium=local&utm_campaign=google-local/menus/happy-hour
ChIJ2bEuglRU2YAR7OBQN6XsWhY,"House w / Backyard_Near DT /Balboa /Zoo /Seaworld. AC, BBQ.",Domestic Beer,6.0,Sliders,8.0,"$6 beers, $8 cocktails, and $8 sliders",https://www.bluepillow.com/search/62df2e252d760a9969f1d5f0/menus/happy-hour
ChIJywWRiVRU2YARE8n6_AYEi2Y,Jyoti-Bihanga Vegan & Vegetarian Restaurant,,,Never Say No Nachos (small),10.0,"Nachos, quesadillas, wraps, and bowls",http://www.jyotibihanga.com/menu
ChIJ_XDiEItU2YAREWLyFHQOZCs,Jack in the Box,Small Milkshake,2.0,Cheeseburger,1.99,"$2 milkshakes, $2 cheeseburgers, $3 tacos, and $4 fries.",https://locations.jackinthebox.com/us/ca/san-diego/2959-upas-st?utm_source=google&utm_medium=local&utm_campaign=google-local/menus/happy-hour
ChIJsw0FlfZV2YARt8NMuutxH4g,EggBred,Domestic Beer,6.0,Sliders,8.0,"$6 beers, $8 cocktails, $8 burgers and sliders",https://eggbred.com/san-diego/menu
ChIJBcoyQcVU2YARjhf0xGPoN7A,The Deli Llama,House Wine,6.0,Hummus,7.0,"$6 House Wine, $7 Hummus, $8 Cocktails, $9 Sliders",https://www.delillamasd.com/menu
ChIJR4FV7ORU2YARf4E8G9cavA0,Finest City Improv,Draft Beer,4.0,All Desserts,5.0,"Draft Beer $4, Well Cocktails $4, House Wine $4, All Desserts $5",http://www.finestcityimprov.com/menus/happy-hour
ChIJUU8MLdFU2YARGb6QKigJm1M,Jack in the Box,Small Milkshake,2.0,Cheeseburger,2.0,"$2 milkshakes, burgers, tacos, and fries.",https://locations.jackinthebox.com/us/ca/san-diego/220-w-washington-st?utm_source=google&utm_medium=local&utm_campaign=google-local/menus/happy-hour
ChIJH6Ksn5VV2YARo3_ibWZNf1U,Maisa Lebanese Cuisine,Beer,6.0,Sliders,8.0,"$6 beers, $8 cocktails, and $8 sliders",https://www.maisahillcrest.com/menus/happy-hour
ChIJpX4SMJlV2YARwk8chwyKU5Q,Khachapuri,House Wine,7.0,Khachapuri,8.0,"$7 wine, $8 khachapuri, $9 cocktails, and $10 skewers",https://www.khachapurisd.com/menus/happy-hour
ChIJX_vE5bBU2YARObxYSOjMOLk,First & Ivy Market,Domestic Beer,6.0,Sliders,8.0,"$6 beers, $8 cocktails, $8 burgers and sliders",https://www.firstivymenu.com
ChIJFRqQV1hT2YARxYLwmn8tUoA,Coin-Op Game Room,Domestic Beer,6.0,Sliders,8.0,"$6 beers, $8 cocktails, $8 burgers and sliders",https://coinopgameroom.com/specials
ChIJxbxshXFT2YARs-qWAZI_vcU,Romanissimo Cucina Italiana,Crodino Spritz,7.0,Fries,6.0,"Aperol Spritz, Crodino Spritz, Espresso Martini, House Selected Wines, Well Drinks, Beers",https://www.romanissimosd.com/happy-hour
ChIJbbAwO1pT2YARGCuiCm5LGD8,Wine Bank,House Wine,6.0,Sliders,8.0,"$6 house wine, $8 cocktails, sliders, and burgers",http://www.sdwinebank.com
ChIJPc3plXtT2YAR22PQdaBtKoI,Catcher's Fish House,Domestic Beer,6.0,Shrimp,8.0,"$6 beers, $8 shrimp, $8 wings, $8 sliders",https://catchersfishhouse.com/menu
ChIJbcuLPvRT2YARZ6y2t7sAlLc,Blue Water Seafood Market & Grill,Green Tea Shots,6.0,,,"Specialty Cocktails $11, Green Tea Shots $6",https://bluewaterseafoodsandiego.com/san-diego-ocean-beach-blue-water-seafood-food-menu
ChIJv_G88WlT2YARP952q0MTtH8,Roma Mia,beer,6.0,sliders,8.0,"$6 beers, $8 cocktails, $8 burgers and sliders",https://romamiasd.com/menu
ChIJoy_mD1hT2YARSPraPnnT7pw,Operacaffe,House Wine,7.0,Margherita Pizza,12.0,"$7 house wine, $12 pizzas, $14 sliders, and $14 calamari",http://operacaffe.com
ChIJX92NdlhT2YARBqvku8E5wZo,The Melting Pot of San Diego,$6 select wines by the glass,6.0,50% OFF Cheese & Chocolate Fondue,,"50% off cheese and chocolate fondue, $6 select wines",https://www.meltingpot.com/san-diego-gaslamp-ca/specials
ChIJC6FlH6hU2YARkfhWCkHvffg,Bronze Bird,draft beers,4.0,special small bites,3.0,"$5 wine and cocktails, $4 draft beers, and $3 small bites",https://www.marriott.com/en-us/hotels/sanwi-the-westin-san-diego-gaslamp-quarter/dining/?scid=feed67b0-9a2f-4de1-8df6-114544116108/menus/happy-hour
ChIJcTw_Z1hT2YARSlHHs8-bgrc,American Comedy Co. San Diego,$5 Happy hour!,5.0,Free pizza w/any drink purchase,,$5 Happy hour and free pizza,https://americancomedyco.com/products/gaslamp-open-mic-5-happy-hour-live-tue
ChIJ34w5TgBT2YARdhKiYmu6huc,Cloud 9 Deli,Domestic Beer,6.0,Sliders,8.0,"$6 beers, $8 cocktails, burgers, and sliders",https://cloud9delisd.com/menu
ChIJSTN1XVdT2YARQdyTQuZYfNs,Cafe 222,Domestic Beer,6.0,Sliders,8.0,"$6 beers, $8 cocktails, $8 burgers and sliders",http://cafe222.com/menus
ChIJK35UGQBT2YARgBCwqS2zzZI,Houston TX Hot Chicken,HAPPY DAD 12oz FRUIT PUNCH/GRAPE,5.0,,,"$5 Happy Dad, $8 Drafts, $8 Cans",https://www.hhc.ooo/location/238-fifth-avenue-san-diego-california-92101
ChIJdcKVM1pT2YAR0xuJCThPrJI,Broken Yolk Cafe,Domestic Beer,3.0,Chips & Salsa,4.0,"$3 beers, $4 chips & salsa, $5 tacos, $6 sliders",https://www.thebrokenyolkcafe.com/location/broken-yolk-cafe-gaslamp-downtown
ChIJ7VX5yVtT2YARmAoJSIundaY,Lucky's Lunch Counter,Domestic Beer,6.0,Sliders,8.0,"$6 beers, $8 cocktails, $8 burgers and sliders",http://luckyslunchcounter.com/specials
ChIJh7FORy5T2YARgJRtABJROcw,Toasted Barrel San Diego,Domestic Drafts,6.0,Sliders,8.0,"$6 drafts, $8 cocktails, burgers, and sliders",https://toastedbarrelbar.com/san-diego%2C-ca
ChIJiYLLk1lT2YARuMmyaKA59bA,Gaslamp Pizza,Domestic Draft,6.0,Sliders,8.0,"$6 drafts, $8 cocktails, burgers, and sliders",https://www.gaslamppizza.com/specials
ChIJZ_CVoAJT2YAROmADt_hKkjI,Sextons Pizza,Domestic Bottles,5.0,Garlic Knots,6.0,"$5 beers, $6 knots, $8 burgers and sliders",https://sextonspizza.com
ChIJt0mgJVpT2YARm-V1oQdbya4,Meze Greek Fusion,beer,6.0,sliders,8.0,"$6 beers, $8 cocktails, sliders, and burgers",https://gaslampmeze.com/menus/happy-hour
ChIJ20Bv9FtT2YARfw_e_YBB2YI,Cafe de L'Opera,beer,6.0,sliders,8.0,"$6 beers, $8 cocktails, and $8 sliders",http://www.cafedelopera.com/specials
ChIJ87u9y1tT2YARsZev2Zrz-HA,Moonshine Flats,Domestic Beer,6.0,Sliders,8.0,"$6 beers, $8 cocktails, sliders, and burgers",https://www.moonshineflats.com/menu
ChIJNclo2juq3oARqOz6xLBtuow,"Pacific Paradise in OB: ocean view from balcony, BBQ, parking, laundry, walk to beach!",Domestic Beer,6.0,Sliders,8.0,"$6 beers, $8 cocktails, $8 burgers and sliders",https://www.bluepillow.com/search/62177aeea7239796807c6423/menus/happy-hour
ChIJNclo2juq3oARdtgl9z8j2jg,"Pacific Paradise in OB: ocean view from balcony, BBQ, parking, laundry, walk to beach!",Domestic Beer,6.0,Sliders,8.0,"$6 beers, $8 cocktails, $8 burgers and sliders",https://www.bluepillow.com/search/68123c931a0d3c624bfe3d08/menus/happy-hour
ChIJo55jYdOq3oARIlcghex-Vbc,Kings Inn San Diego,Beer,6.0,Sliders,8.0,"$6 beers, $8 cocktails, burgers and sliders",https://kingsinnsandiego.com/specials
ChIJj30mX6xV2YARS_AI3hRs97E,The Fountains Restaurant,select beer,6.0,sliders,8.0,"$6 beers, $8 cocktails, $8 burgers and sliders",http://legacysandiego.com/specials
ChIJcSOvMP5U2YARGT87c03n5q4,Antique Row Cafe,Domestic Beer,6.0,Sliders,8.0,"$6 beers, $8 cocktails, $8 burgers and sliders",https://antiquerowcafesd.com/menu
ChIJZ8BZmqBV2YARDZwWkrykEvQ,Parabola Coffee Roasting Co.,Cortado,4.25,,,"Cortado $4.25, Cold Brew $5.50, Latte $6.00",http://www.parabolacoffee.com
ChIJiZB7QdtU2YARBz7sv-2hm7w,Better Buzz Coffee Hillcrest,Happy Hour Cold Brew,3.0,Happy Hour Avocado Toast,6.0,"$3 cold brew, $6 avocado toast, $8 burgers",http://www.betterbuzzcoffee.com/menu
ChIJD4Jaca5U2YARKlOHLKq6dCs,Lofty Coffee Co.,Beer,6.0,Sliders,8.0,"$6 beers, $8 cocktails, $8 burgers and sliders.",https://loftycoffee.com/pages/little-italy-cafe-and-bakery/happy-hour
ChIJ9buCH6dU2YARJLVMNtwHrqA,Achilles Coffee Roasters @ The Rey,Beer,6.0,Burgers,8.0,"$6 beers, $8 cocktails, burgers and sliders",http://achillescoffeeroasters.com/pages/specialty-coffee-roaster
ChIJBUOisDuq3oARubmW1MpnA-Y,Newbreak Coffee & Cafe,House Beer,6.0,Sliders,8.0,"$6 beers, $8 cocktails, $8 burgers and sliders",https://mymenuweb.com/us/restaurants/1175667/menus/happy-hour
ChIJbaG8EldT2YARaL4itPvNGYY,Lani Coffee,iced coffee,3.5,muffin,3.0,"$3.50 iced coffee, $3.00 muffins, $5.00 pastries",https://www.lanicoffeesd.com/our-menu
ChIJO9Oow5tT2YAR0HkHLYL-oq0,F Street Café,,,Chips,2.0,"Sandwiches, coffees, pastries, and chips.",http://www.fstreetcafe.com/menu
ChIJVbThvFlT2YARDVk3Xg-swBk,Spill the Beans Coffee and Bagels,Loose Leaf Tea,5.0,,,Happy hour specials on drinks and teas.,https://www.spillthebeanssd.com/menu
ChIJrbU3VYlT2YARfAHGSEfNR0Q,Chiefy Cafe,House Wine,6.0,Hummus,6.0,"$6 wine, hummus, and $8 sliders",https://chiefycafe.com/specials
ChIJa09OTFpT2YARLISFAEHFzd8,Subway,,,"6"" Deli Faves",5.0,"6"" Deli Faves, $5 beers, $8 cocktails, $8 burgers",https://restaurants.subway.com/united-states/ca/san-diego/611-k-street
ChIJI2ayXVpT2YARvdU8zl_N0_g,Gaslamp Quarter,$3 Tequila Shots,3.0,$2 Tacos,2.0,"$2 Tacos, $3 Tequila Shots, $4 Domestic Beers, $5 Margaritas",http://www.gaslamp.org/specials
ChIJx8uLNPpU2YARaaZ_1f_Gtj8,Wendy's,Frosty,1.99,Cheeseburger,1.99,"$1.99 Frosty, Cheeseburger, and more!",https://locations.wendys.com/united-states/ca/san-diego/2825-el-cajon-blvd
ChIJF0eCQVJU2YARI3ifEVw6VPs,Subway,,,"6"" Deli Faves",5.0,"6"" Deli Faves, $5 beers, $8 cocktails, $8 burgers",https://restaurants.subway.com/united-states/ca/san-diego/3540-adams-ave
ChIJkc4z7dxU2YARcXok7vRWAa8,The Hub Hillcrest Market,Domestic Beer,6.0,Sliders,8.0,"$6 beers, $8 cocktails, $8 burgers and sliders",https://www.regencycenters.com/property/detail/60622/The-Hub-Hillcrest-Market/menus/happy-hour
ChIJyy1HfalU2YARORYCDp0WAnc,Kuma Café,beer,6.0,sliders,8.0,"$6 beers, $8 cocktails, and $8 burgers/sliders",http://www.kumacafesd.com
ChIJc4NNmPNT2YARRELYEyX1irg,NOVA SD,Domestic Beer,6.0,Edamame,5.0,"$5 edamame, $6 beers, $8 cocktails, and sliders",https://novasd.com/event/avello-costa-san-diego-concert-calendar-edm-club-shows-events-today-2026-august-14-near-me-san-diego
,Madi,Beer,6.0,Sliders,8.0,"$6 beers, $8 cocktails, and $8 sliders",http://brunchlikemadi.com/menu
,Bleu Bohème,Beer,6.0,Burger,8.0,"$6 beers, $8 cocktails, $8 burgers and sliders",http://www.bleuboheme.com/specials
,Lazy Dog Restaurant & Bar,House Beer,5.0,Crispy Fries,5.0,"$5 beers, $5 fries, $7 appetizers, $8 cocktails, $9 burgers",https://lazydogrestaurants.com/pages/san-diego-ca-mission-valley/happy-hour
,Ponce's Mexican Restaurant,,,burger and fries,8.0,"Happy hour specials include burgers, tacos, and more.",http://www.poncesrestaurant.com
,Donna Jean,Any Glass of Wine,5.0,"Weeknight Dinner Special (Drink, Entrée & Dessert)",35.0,"Weeknight Dinner Special: Drink, Entrée & Dessert for $35. Add wine for $5.",https://donnajeanrestaurant.com
,Addis Ethiopian Restaurant,Beer,6.0,Burgers,8.0,"$6 beers, $8 cocktails, and $8 burgers",https://www.addis-sd.com/menu
,Kensington Club,Domestic Draft,6.0,Fries,6.0,"$6 drafts, $8 cocktails, $8 burgers, sliders, and fries",http://www.kensingtonclub1935.com/drinks
,Gilly's House of Cocktails,Bud Light,4.0,,,"$4 beers, $5 shots, $6 well drinks, $8 cocktails",https://www.gillyscocktails.com/menus
,Til-Two Club,Shots,3.0,,,"Wells $4, Drafts $5, Shots $3",
,McGregor's Bar and Grill,select draft beer,5.0,,,"$1-off well drinks & wines, $5 select draft beer",
,Bully's East Prime Bistro Sports Bar,,,Baja Shrimp Tacos,3.5,"Select margarita's $8, Baja Fish Tacos $3.50, Baja Shrimp Tacos $3.50, Filet Street Tacos $3.75",
,Madison,MODELO ESPECIAL,5.0,MADISON CEVICHE,15.0,"$5 beers, $15 ceviche, $15 sliders, and $15 lamb meatballs",http://www.madisononpark.com/menu
,Chili's Grill & Bar,$3 Bud Light 16 oz,3.0,,,"$3 beers, $5 wine, $6 and $7 margaritas",
,BJ's Restaurant & Brewhouse,DOMESTIC BOTTLES,4.0,Chips & Housemade Guacamole + Salsa,5.0,"$4 domestic bottles, $5 chips & dips, $6 wines, $7 margaritas and appetizers",
,Gravity Heights Mission Valley,Beer,6.0,Sliders,8.0,"$6 beers, $8 cocktails, burgers, and sliders.",https://www.gravityheights.com/drinks
,Rosati's Pizza Pub and Sports Bar,Domestic Bottles,4.0,Garlic Bread,5.0,"$4 bottles, $5 garlic bread, $6 wings, $7 cocktails",https://myrosatis.com/sandiego/menu
,Panini Kabob Grill - Mission Valley,Domestic Beer,6.0,Hummus,6.0,"$6 beers, $8 cocktails, $8 burgers, sliders, and hummus",https://paninikabobgrill.com/locations/mission-valley/menu
,California Fish Grill,Draft Beer,6.0,Crispy Calamari,8.0,"$6 beers, $8 cocktails, $8 burgers and sliders",https://www.cafishgrill.com/menu
,Picante Taquería Mexican Grill | Restaurant and Catering,Bottled Soda (Half Liter),3.75,Cheese,6.5,"Bottled soda, cheese quesadillas, and tacos",
,Chamorro Grill,Beer,6.0,Sliders,8.0,"$6 beers, $8 cocktails, and $8 burgers/sliders",http://chamorrogrillsd.com/menu
,Test Kitchen,House Wine,7.0,Fries,6.0,"$7 house wine, $6 fries, $8 sliders, and $10 cocktails",http://www.testkitchensd.com/menu/happy-hour
,Corner Thai Kitchen,Beer,6.0,Spring Rolls,6.0,"$6 beers, $6 spring rolls, $8 cocktails, $8 sliders",http://www.cornerthaikitchen-sd.com/specials
,Pho Ca Dao Vietnamese Kitchen,Domestic Beer,6.0,Spring Rolls,6.0,"$6 beers, $8 cocktails, $8 spring rolls and sliders",https://www.thephocadaogrill.com/menus/happy-hour
,Novo Brazil Brewing Mission Valley,$5 PINTS,5.0,,,$5 pints,
,TapRoom Beer Company,Pints,6.0,Sliders,8.0,"$6 pints, $8 cocktails, sliders, and burgers",http://www.taproombeerco.com
,Mission Brewing - Kensington,Canned Soda,1.0,Mission Munchie Mix,1.0,"$1 sodas, $1 mixes, $5.50 beers, and $7.50 cocktails.",https://missionbrewery.com/kensington/menu
